Jama,Barwa zewn.,Barwa wewn.,Faktura,Domieszka,Ornament,Uwagi,Grupa techn.,guzki miseczkowate,linie ryte,guzki plastyczne,ornament choinkowy,odciski plecionki,otwory na powierzchni,do³ki paznokciowe,obmazywanie,otwory pod wylewem,do³ki palcowe,ornament pseudosznurowy,listwy karbowane,listwy plastyczne,ucha,inne/ nieokreœlone el. plastyczne,ornament stempelkowy,wciêcia w wylewach,ryte okrêgi,wyg³adzanie,nak³uwanie
2,b,b,g,0/k,"poziome linie ryte, guzki plastyczne",,3a,,1,1,,,,,,,,,,,,,,,,,
2,b,b,g,0/k,"choinkowy, poziome linie ryte",,3a,,1,,1,,,,,,,,,,,,,,,,
2,,,,,,talerz-placek,3c,,,,,,,,,,,,,,,,,,,,
2,,,,,odcisk plecionki,talerz-placek,3c,,,,,1,,,,,,,,,,,,,,,
2,,,,,,talerz-placek,3c,,,,,,,,,,,,,,,,,,,,
2,,,,,,talerz-placek,3c,,,,,,,,,,,,,,,,,,,,
2,,,514694,,,talerz-placek,3c,,,,,,,,,,,,,,,,,,,,
2,,,,,,talerz-placek,3c,,,,,,,,,,,,,,,,,,,,
2,b,b,ch,k+s,,,3b,,,,,,,,,,,,,,,,,,,,
2,b,c,g,k,,,2a,,,,,,,,,,,,,,,,,,,,
,,,,,,,nan,,,,,,,,,,,,,,,,,,,,
3,,,,,otwór na powierzchni,talerz-placek,3c,,,,,,1,,,,,,,,,,,,,,
3,,,,,otwór na powierzchni,talerz-placek,3c,,,,,,1,,,,,,,,,,,,,,
3,b,b,g,k,wciêcie?,,3a,,,,,,,,,,,,,,,,,,,,
3,,,,,,talerz-placek,3c,,,,,,,,,,,,,,,,,,,,
3,,,,,,talerz-placek,3c,,,,,,,,,,,,,,,,,,,,
3,,,,,,talerz-placek,3c,,,,,,,,,,,,,,,,,,,,
3,,,,,"otwory na powierzchni, do³ek paznokciowy",talerz-placek,3c,,,,,,1,1,,,,,,,,,,,,,
3,,,,,,talerz-placek,3c,,,,,,,,,,,,,,,,,,,,
3,b,b,ch,k,,,3b,,,,,,,,,,,,,,,,,,,,
3,b,c,g,k,,fragm. dna,2a,,,,,,,,,,,,,,,,,,,,
3,b,b,ch,k,,dno,3b,,,,,,,,,,,,,,,,,,,,
3,b,b,ch,k,,,3b,,,,,,,,,,,,,,,,,,,,
3,,,,,,talerz-placek,3c,,,,,,,,,,,,,,,,,,,,
3,b,c,g,k,,,2a,,,,,,,,,,,,,,,,,,,,
3,,,,,odcisk plecionki,talerz-placek,3c,,,,,1,,,,,,,,,,,,,,,
3,b,b,g,0/k,,,3a,,,,,,,,,,,,,,,,,,,,
3,,,,,,talerz-placek,3c,,,,,,,,,,,,,,,,,,,,
3,b,c,g,k,,,2a,,,,,,,,,,,,,,,,,,,,
3,b,b,g,k,,,3a,,,,,,,,,,,,,,,,,,,,
3,,,,,,talerz-placek,3c,,,,,,,,,,,,,,,,,,,,
3,,,,,,talerz-placek,3c,,,,,,,,,,,,,,,,,,,,
3,,,,,,talerz-placek,3c,,,,,,,,,,,,,,,,,,,,
3,b,c,g,k,,,2a,,,,,,,,,,,,,,,,,,,,
3,b,b,ch,k,obmazywanie,,3b,,,,,,,,1,,,,,,,,,,,,
3,b,b,g,k,,,3a,,,,,,,,,,,,,,,,,,,,
3,,,,,,talerz-placek,3c,,,,,,,,,,,,,,,,,,,,
3,b,b,ch,k,,dno,3b,,,,,,,,,,,,,,,,,,,,
3,b,c,g,k,,,2a,,,,,,,,,,,,,,,,,,,,
3,b,c,g,k,,,2a,,,,,,,,,,,,,,,,,,,,
3,b,b,ch,k,,,3b,,,,,,,,,,,,,,,,,,,,
3,,,,,,talerz-placek,3c,,,,,,,,,,,,,,,,,,,,
3,b,b,ch,k,,,3b,,,,,,,,,,,,,,,,,,,,
3,,,,,,talerz-placek,3c,,,,,,,,,,,,,,,,,,,,
3,b,c,g,k,,,2a,,,,,,,,,,,,,,,,,,,,
3,b,b,ch,k,,,3b,,,,,,,,,,,,,,,,,,,,
3,b,b,g,k,,wylew,3a,,,,,,,,,,,,,,,,,,,,
3,,,,,,talerz-placek,3c,,,,,,,,,,,,,,,,,,,,
3,,,,,,talerz-placek,3c,,,,,,,,,,,,,,,,,,,,
3,,,,,,talerz-placek,3c,,,,,,,,,,,,,,,,,,,,
3,b,b,ch,k,,,3b,,,,,,,,,,,,,,,,,,,,
3,,,,,,talerz-placek,3c,,,,,,,,,,,,,,,,,,,,
3,,,,,,talerz-placek,3c,,,,,,,,,,,,,,,,,,,,
3,,,,,,talerz-placek,3c,,,,,,,,,,,,,,,,,,,,
3,b,b,g,0/k,,,3a,,,,,,,,,,,,,,,,,,,,
3,,,,,,talerz-placek,3c,,,,,,,,,,,,,,,,,,,,
3,b,b,g,k,,,3a,,,,,,,,,,,,,,,,,,,,
3,b,b,ch,k,,,3b,,,,,,,,,,,,,,,,,,,,
3,b,b,ch,k,,,3b,,,,,,,,,,,,,,,,,,,,
3,b,c,g,k,,,2a,,,,,,,,,,,,,,,,,,,,
3,b,b,ch,k,,,3b,,,,,,,,,,,,,,,,,,,,
3,b,b,ch,k,,,3b,,,,,,,,,,,,,,,,,,,,
3,b,c,g,k,,,2a,,,,,,,,,,,,,,,,,,,,
3,,,,,,talerz-placek,3c,,,,,,,,,,,,,,,,,,,,
3,,,,,,talerz-placek,3c,,,,,,,,,,,,,,,,,,,,
3,b,c,g,k,,dno,2a,,,,,,,,,,,,,,,,,,,,
3,b,c,g,k,,,2a,,,,,,,,,,,,,,,,,,,,
3,,,,,,talerz-placek,3c,,,,,,,,,,,,,,,,,,,,
3,,,,,,talerz-placek,3c,,,,,,,,,,,,,,,,,,,,
3,,,,,,talerz-placek,3c,,,,,,,,,,,,,,,,,,,,
3,b,c,g,k,,,2a,,,,,,,,,,,,,,,,,,,,
3,b,b,g,0/k,,,3a,,,,,,,,,,,,,,,,,,,,
3,,,,,,talerz-placek,3c,,,,,,,,,,,,,,,,,,,,
3,,,,,,talerz-placek,3c,,,,,,,,,,,,,,,,,,,,
3,,,,,,talerz-placek,3c,,,,,,,,,,,,,,,,,,,,
3,,,,,,talerz-placek,3c,,,,,,,,,,,,,,,,,,,,
3,b,c,g,0/k,,,2a,,,,,,,,,,,,,,,,,,,,
3,,,,,,talerz-placek,3c,,,,,,,,,,,,,,,,,,,,
3,b,b,g,k,poziome linie ryte,,3a,,1,,,,,,,,,,,,,,,,,,
3,,,,,,talerz-placek,3c,,,,,,,,,,,,,,,,,,,,
3,b,c,g,k,,dno,2a,,,,,,,,,,,,,,,,,,,,
3,b,c,g,k,,,2a,,,,,,,,,,,,,,,,,,,,
3,,,,,,talerz-placek,3c,,,,,,,,,,,,,,,,,,,,
3,b,b,g,k,,,3a,,,,,,,,,,,,,,,,,,,,
3,,,,,,talerz-placek,3c,,,,,,,,,,,,,,,,,,,,
,,,,,,,nan,,,,,,,,,,,,,,,,,,,,
4,,,,,,talerz-placek,3c,,,,,,,,,,,,,,,,,,,,
4,,,,,,talerz-placek,3c,,,,,,,,,,,,,,,,,,,,
4,,,,,,talerz-placek,3c,,,,,,,,,,,,,,,,,,,,
4,,,,,,talerz-placek,3c,,,,,,,,,,,,,,,,,,,,
4,,,,,otwór na powierzchni,talerz-placek,3c,,,,,,1,,,,,,,,,,,,,,
4,b,b,ch,k,do³ki paznokciowe,,3b,,,,,,,1,,,,,,,,,,,,,
4,,,,,,talerz-placek,3c,,,,,,,,,,,,,,,,,,,,
4,b,b,ch,k,,,3b,,,,,,,,,,,,,,,,,,,,
4,b,c,g,k,,,2a,,,,,,,,,,,,,,,,,,,,
4,c,c,g,0/k,,,4,,,,,,,,,,,,,,,,,,,,
4,,,,,,talerz-placek,3c,,,,,,,,,,,,,,,,,,,,
4,b,b,g,0/k,otwór pod wylewem,,3a,,,,,,,,,1,,,,,,,,,,,
4,b,b,g,k,,,3a,,,,,,,,,,,,,,,,,,,,
,,,,,,,nan,,,,,,,,,,,,,,,,,,,,
6,b,b,ch,k,,dno,3b,,,,,,,,,,,,,,,,,,,,
6,b,b,ch,k,,,3b,,,,,,,,,,,,,,,,,,,,
6,,,,,odcisk paznokciowy,talerz-placek,3c,,,,,,,1,,,,,,,,,,,,,
6,b,b,ch,k,,,3b,,,,,,,,,,,,,,,,,,,,
6,b,b,ch,k,,,3b,,,,,,,,,,,,,,,,,,,,
6,b,b,ch,k,,,3b,,,,,,,,,,,,,,,,,,,,
6,,,,,,talerz-placek,3c,,,,,,,,,,,,,,,,,,,,
6,b,b,ch,k,,wylew,3b,,,,,,,,,,,,,,,,,,,,
6,,,,,odcisk paznokciowy,talerz-placek,3c,,,,,,,1,,,,,,,,,,,,,
6,,,,,,talerz-placek,3c,,,,,,,,,,,,,,,,,,,,
6,b,b,ch,k,,,3b,,,,,,,,,,,,,,,,,,,,
6,c,c,ch,k,,,4,,,,,,,,,,,,,,,,,,,,
6,b,b,g,k,,fragm. dna naczynia na pustej nó¿ce,3a,,,,,,,,,,,,,,,,,,,,
6,b,b,ch,k,,,3b,,,,,,,,,,,,,,,,,,,,
6,b,b,ch,k,odciski palcowe,,3b,,,,,,,,,,1,,,,,,,,,,
6,,,,,otwory na powierzchni,talerz-placek,3c,,,,,,1,,,,,,,,,,,,,,
6,,,,,,talerz-placek,3c,,,,,,,,,,,,,,,,,,,,
6,b,b,g,k,"poziome linie ryte, otwór pod wylewem",,3a,,1,,,,,,,1,,,,,,,,,,,
6,,,,,,talerz-placek,3c,,,,,,,,,,,,,,,,,,,,
6,b,b,ch,k,,,3b,,,,,,,,,,,,,,,,,,,,
6,,,,,"otwory na powierzchni, odciski palcowe",talerz-placek,3c,,,,,,1,,,,1,,,,,,,,,,
6,b,b,ch,k,,dno,3b,,,,,,,,,,,,,,,,,,,,
6,b,b,ch,k,do³ki paznokciowe,,3b,,,,,,,1,,,,,,,,,,,,,
6,,,,,,talerz-placek,3c,,,,,,,,,,,,,,,,,,,,
6,,,,,,talerz-placek,3c,,,,,,,,,,,,,,,,,,,,
6,,,,,otwór na powierzchni,talerz-placek,3c,,,,,,1,,,,,,,,,,,,,,
6,,,,,do³ki paznokciowe,talerz-placek,3c,,,,,,,1,,,,,,,,,,,,,
6,b,b,g,k+s,,,3a,,,,,,,,,,,,,,,,,,,,
6,b,b,ch,k,,,3b,,,,,,,,,,,,,,,,,,,,
6,,,,,,talerz-placek,3c,,,,,,,,,,,,,,,,,,,,
6,c,b,g,k,,,1,,,,,,,,,,,,,,,,,,,,
6,b,c,ch,k,,,2b,,,,,,,,,,,,,,,,,,,,
6,,,,,,talerz-placek,3c,,,,,,,,,,,,,,,,,,,,
6,b,b,ch,k,,,3b,,,,,,,,,,,,,,,,,,,,
6,b,b,g,k,,,3a,,,,,,,,,,,,,,,,,,,,
6,c,b,g,0,,,1,,,,,,,,,,,,,,,,,,,,
6,,,,,,talerz-placek,3c,,,,,,,,,,,,,,,,,,,,
6,c,c,g,k,,,4,,,,,,,,,,,,,,,,,,,,
6,b,b,ch,k,,,3b,,,,,,,,,,,,,,,,,,,,
6,b,b,ch,k,,,3b,,,,,,,,,,,,,,,,,,,,
6,b,b,ch,k,,,3b,,,,,,,,,,,,,,,,,,,,
6,,,,,,talerz-placek,3c,,,,,,,,,,,,,,,,,,,,
6,b,b,ch,k,,,3b,,,,,,,,,,,,,,,,,,,,
6,,,,,"do³ki paznokciowe, otwór na powierzchni",talerz-placek,3c,,,,,,1,1,,,,,,,,,,,,,
6,,,,,do³ki paznokciowe,talerz-placek,3c,,,,,,,1,,,,,,,,,,,,,
6,,,,,otwór na powierzchni,talerz-placek,3c,,,,,,1,,,,,,,,,,,,,,
6,,,,,otwór na powierzchni,talerz-placek,3c,,,,,,1,,,,,,,,,,,,,,
6,,,,,,talerz-placek,3c,,,,,,,,,,,,,,,,,,,,
6,b,b,ch,k,,,3b,,,,,,,,,,,,,,,,,,,,
6,,,,,do³ki paznokciowe,talerz-placek,3c,,,,,,,1,,,,,,,,,,,,,
6,c,b,g,k,"linia ryta, ornament pseudosznurowy?",,1,,1,,,,,,,,,1,,,,,,,,,
6,c,b,g,k,linia ryta,,1,,1,,,,,,,,,,,,,,,,,,
6,c,b,g,k,ornament pseudosznurowy?,,1,,,,,,,,,,,1,,,,,,,,,
6,c,b,g,k,,,1,,,,,,,,,,,,,,,,,,,,
6,c,b,g,k,,,1,,,,,,,,,,,,,,,,,,,,
,,,,,,,nan,,,,,,,,,,,,,,,,,,,,
7,b,b,ch,k,,,3b,,,,,,,,,,,,,,,,,,,,
7,b,b,ch,k,,,3b,,,,,,,,,,,,,,,,,,,,
7,b,b,ch,k,,,3b,,,,,,,,,,,,,,,,,,,,
7,b,b,ch,k+s,,,3b,,,,,,,,,,,,,,,,,,,,
7,,,,,,talerz-placek,3c,,,,,,,,,,,,,,,,,,,,
7,b,b,g,k,,,3a,,,,,,,,,,,,,,,,,,,,
7,b,b,g,k,,,3a,,,,,,,,,,,,,,,,,,,,
,,,,,,,nan,,,,,,,,,,,,,,,,,,,,
,,,,,,,nan,,,,,,,,,,,,,,,,,,,,
8,b,b,g,k,,dno,3a,,,,,,,,,,,,,,,,,,,,
,,,,,,,nan,,,,,,,,,,,,,,,,,,,,
,,,,,,,nan,,,,,,,,,,,,,,,,,,,,
,,,,,,,nan,,,,,,,,,,,,,,,,,,,,
luz,,,,,,talerz-placek,3c,,,,,,,,,,,,,,,,,,,,
luz,,,,,,talerz-placek,3c,,,,,,,,,,,,,,,,,,,,
luz,b,c,g,k,,,2a,,,,,,,,,,,,,,,,,,,,
luz,b,b,ch,k,"do³ki paznokciowe, otwory pod wylewem",,3b,,,,,,,1,,1,,,,,,,,,,,
luz,b,b,ch,k,,,3b,,,,,,,,,,,,,,,,,,,,
luz,b,b,ch,k,"do³ki paznokciowe, otwory pod wylewem",,3b,,,,,,,1,,1,,,,,,,,,,,
luz,b,b,ch,k,,,3b,,,,,,,,,,,,,,,,,,,,
luz,b,b,ch,k+s,,,3b,,,,,,,,,,,,,,,,,,,,
luz,b,b,ch,k,,,3b,,,,,,,,,,,,,,,,,,,,
luz,b,b,ch,k,"do³ki paznokciowe, otwory pod wylewem",,3b,,,,,,,1,,1,,,,,,,,,,,
luz,b,b,ch,k,"do³ki paznokciowe, otwory pod wylewem",,3b,,,,,,,1,,1,,,,,,,,,,,
luz,b,b,ch,k,,,3b,,,,,,,,,,,,,,,,,,,,
luz,b,b,ch,k,,,3b,,,,,,,,,,,,,,,,,,,,
luz,,,,,,talerz-placek,3c,,,,,,,,,,,,,,,,,,,,
luz,b,b,ch,k,do³ki paznokciowe,,3b,,,,,,,1,,,,,,,,,,,,,
luz,b,b,ch,k,,,3b,,,,,,,,,,,,,,,,,,,,
,,,,,,,nan,,,,,,,,,,,,,,,,,,,,
9,,,,,"do³ki paznokciowe, otwory na powierchni",talerz-placek,3c,,,,,,1,1,,,,,,,,,,,,,
9,b,c,ch,k+s,,dno,2b,,,,,,,,,,,,,,,,,,,,
9,,,,,"do³ki paznokciowe, otwory na powierchni",talerz-placek,3c,,,,,,1,1,,,,,,,,,,,,,
9,b,b,ch,k,otwory pod wylewem,,3b,,,,,,,,,,,,,,,,,,,,
9,b,b,ch,0/k,,ucho,3b,,,,,,,,,,,,,,,,,,,,
9,c,b,ch,k,,,1,,,,,,,,,,,,,,,,,,,,
9,,,,,,talerz-placek,3c,,,,,,,,,,,,,,,,,,,,
9,,,,,,talerz-placek,3c,,,,,,,,,,,,,,,,,,,,
9,,,,,,talerz-placek,3c,,,,,,,,,,,,,,,,,,,,
9,b,b,ch,k,,dno,3b,,,,,,,,,,,,,,,,,,,,
9,b,b,ch,k,,,3b,,,,,,,,,,,,,,,,,,,,
9,b,b,ch,k,do³ki paznokciowe,,3b,,,,,,,1,,,,,,,,,,,,,
9,,,,,,talerz-placek,3c,,,,,,,,,,,,,,,,,,,,
9,,,,,,talerz-placek,3c,,,,,,,,,,,,,,,,,,,,
9,b,b,g,k+s,,,3a,,,,,,,,,,,,,,,,,,,,
9,,,,,do³ki paznokciowe,talerz-placek,3c,,,,,,,1,,,,,,,,,,,,,
9,b,b,g,k+s,,,3a,,,,,,,,,,,,,,,,,,,,
9,b,b,ch,k,,,3b,,,,,,,,,,,,,,,,,,,,
9,,,,,"do³ki paznokciowe, otwory na powierchni",talerz-placek,3c,,,,,,1,1,,,,,,,,,,,,,
9,b,b,g,k,,dno,3a,,,,,,,,,,,,,,,,,,,,
9,b,b,ch,k,,,3b,,,,,,,,,,,,,,,,,,,,
9,,,,,,talerz-placek,3c,,,,,,,,,,,,,,,,,,,,
9,,,,,,talerz-placek,3c,,,,,,,,,,,,,,,,,,,,
9,,,,,,talerz-placek,3c,,,,,,,,,,,,,,,,,,,,
9,b,c,g,k,,,2a,,,,,,,,,,,,,,,,,,,,
9,b,b,g,k,,,3a,,,,,,,,,,,,,,,,,,,,
9,,,,,otwór na powierzchni,talerz-placek,3c,,,,,,1,,,,,,,,,,,,,,
9,b,b,g,0/k,,,3a,,,,,,,,,,,,,,,,,,,,
9,b,b,ch,k,,,3b,,,,,,,,,,,,,,,,,,,,
9,b,b,g,k,,dno,3a,,,,,,,,,,,,,,,,,,,,
9,,,,,,talerz-placek,3c,,,,,,,,,,,,,,,,,,,,
9,,,,,"do³ki paznokciowe, otwory na powierchni",talerz-placek,3c,,,,,,1,1,,,,,,,,,,,,,
9,,,,,,talerz-placek,3c,,,,,,,,,,,,,,,,,,,,
9,b,b,ch,k,,,3b,,,,,,,,,,,,,,,,,,,,
9,b,b,ch,k,do³ki paznokciowe,,3b,,,,,,,1,,,,,,,,,,,,,
9,b,b,g,k,,,3a,,,,,,,,,,,,,,,,,,,,
9,b,b,ch,k,do³ek paznokciowy,,3b,,,,,,,1,,,,,,,,,,,,,
9,b,b,g,k,,,3a,,,,,,,,,,,,,,,,,,,,
9,,,,,,talerz-placek,3c,,,,,,,,,,,,,,,,,,,,
9,b,c,ch,k+s,,,2b,,,,,,,,,,,,,,,,,,,,
9,b,b,g,k,,,3a,,,,,,,,,,,,,,,,,,,,
9,,,,,,talerz-placek,3c,,,,,,,,,,,,,,,,,,,,
9,b,b,ch,k,,,3b,,,,,,,,,,,,,,,,,,,,
9,,,,,,talerz-placek,3c,,,,,,,,,,,,,,,,,,,,
,,,,,,,nan,,,,,,,,,,,,,,,,,,,,
10,b,b,ch,k,pozioma listwa karbowana,,3b,,,,,,,,,,,,1,,,,,,,,
,,,,,,,nan,,,,,,,,,,,,,,,,,,,,
11,b,b,ch,k,obmazywanie,,3b,,,,,,,,1,,,,,,,,,,,,
11,b,c,g,k,,,2a,,,,,,,,,,,,,,,,,,,,
11,b,b,ch,k+s,,dno,3b,,,,,,,,,,,,,,,,,,,,
11,b,b,ch,k,,,3b,,,,,,,,,,,,,,,,,,,,
11,c,b,g,k,,,1,,,,,,,,,,,,,,,,,,,,
11,b,b,ch,k,,,3b,,,,,,,,,,,,,,,,,,,,
11,b,b,g,k,otwór pod wylewem,,3a,,,,,,,,,1,,,,,,,,,,,
11,b,b,ch,k+s,,,3b,,,,,,,,,,,,,,,,,,,,
11,,,,,,talerz-placek,3c,,,,,,,,,,,,,,,,,,,,
11,b,b,ch,k+s,do³ki paznokciowe,,3b,,,,,,,1,,,,,,,,,,,,,
11,b,b,g,k,,,3a,,,,,,,,,,,,,,,,,,,,
11,c,b,g,k,,,1,,,,,,,,,,,,,,,,,,,,
11,b,b,ch,k+s,,,3b,,,,,,,,,,,,,,,,,,,,
11,c,b,g,k,,,1,,,,,,,,,,,,,,,,,,,,
11,,,,,,talerz-placek,3c,,,,,,,,,,,,,,,,,,,,
11,,,,,"do³ek paznokciowy, otwór na powierzchni",talerz-placek,3c,,,,,,1,1,,,,,,,,,,,,,
11,b,c,ch,k,,,2b,,,,,,,,,,,,,,,,,,,,
11,b,b,g,k,,,3a,,,,,,,,,,,,,,,,,,,,
11,b,b,ch,k,,,3b,,,,,,,,,,,,,,,,,,,,
11,,,,,,talerz-placek,3c,,,,,,,,,,,,,,,,,,,,
11,c,b,g,k,,,1,,,,,,,,,,,,,,,,,,,,
11,b,c,ch,k+s,,,2b,,,,,,,,,,,,,,,,,,,,
11,b,b,ch,k+s,miseczkowaty guz plastyczny,,3b,1,,,,,,,,,,,,,,,,,,,
11,b,b,ch,k,,,3b,,,,,,,,,,,,,,,,,,,,
11,b,b,ch,k,,,3b,,,,,,,,,,,,,,,,,,,,
11,c,b,g,k,,,1,,,,,,,,,,,,,,,,,,,,
11,b,c,g,k,,,2a,,,,,,,,,,,,,,,,,,,,
11,b,b,ch,k,,,3b,,,,,,,,,,,,,,,,,,,,
11,b,b,g,k,,,3a,,,,,,,,,,,,,,,,,,,,
11,b,c,ch,k,,,2b,,,,,,,,,,,,,,,,,,,,
11,b,b,ch,k,,,3b,,,,,,,,,,,,,,,,,,,,
11,b,b,g,k,,,3a,,,,,,,,,,,,,,,,,,,,
11,b,b,g,k,,,3a,,,,,,,,,,,,,,,,,,,,
,,,,,,,nan,,,,,,,,,,,,,,,,,,,,
12,b,b,ch,k,,,3b,,,,,,,,,,,,,,,,,,,,
12,b,b,ch,k,,dno,3b,,,,,,,,,,,,,,,,,,,,
12,,,,,otwór na powierzchni,talerz-placek,3c,,,,,,1,,,,,,,,,,,,,,
12,b,b,g,k,,,3a,,,,,,,,,,,,,,,,,,,,
12,b,b,g,k,,,3a,,,,,,,,,,,,,,,,,,,,
12,b,b,g,k,,,3a,,,,,,,,,,,,,,,,,,,,
12,b,b,g,k,,,3a,,,,,,,,,,,,,,,,,,,,
12,,,,,,talerz-placek,3c,,,,,,,,,,,,,,,,,,,,
12,b,b,g,k,,,3a,,,,,,,,,,,,,,,,,,,,
12,b,b,g,k,,dno?,3a,,,,,,,,,,,,,,,,,,,,
12,,,,,,talerz-placek,3c,,,,,,,,,,,,,,,,,,,,
12,c,c,g,k,,,4,,,,,,,,,,,,,,,,,,,,
12,,,,,otwór na powierzchni,talerz-placek,3c,,,,,,1,,,,,,,,,,,,,,
12,,,,,,talerz-placek,3c,,,,,,,,,,,,,,,,,,,,
12,b,b,g,0/k,,,3a,,,,,,,,,,,,,,,,,,,,
12,b,c,ch,k,,,2b,,,,,,,,,,,,,,,,,,,,
12,,,,,,talerz-placek,3c,,,,,,,,,,,,,,,,,,,,
12,,,,,,talerz-placek,3c,,,,,,,,,,,,,,,,,,,,
12,,,,,,talerz-placek,3c,,,,,,,,,,,,,,,,,,,,
12,,,,,,talerz-placek,3c,,,,,,,,,,,,,,,,,,,,
12,,,,,,talerz-placek,3c,,,,,,,,,,,,,,,,,,,,
12,b,c,g,0/k,,,2a,,,,,,,,,,,,,,,,,,,,
12,b,b,ch,k,,,3b,,,,,,,,,,,,,,,,,,,,
12,b,b,g,k,,,3a,,,,,,,,,,,,,,,,,,,,
12,b,b,ch,k,,,3b,,,,,,,,,,,,,,,,,,,,
12,,,,,,talerz-placek,3c,,,,,,,,,,,,,,,,,,,,
12,b,b,g,k,,ucho,3a,,,,,,,,,,,,,,,,,,,,
12,,,,,,talerz-placek,3c,,,,,,,,,,,,,,,,,,,,
12,b,c,ch,k,,,2b,,,,,,,,,,,,,,,,,,,,
12,b,b,ch,k,,,3b,,,,,,,,,,,,,,,,,,,,
12,b,b,g,k,,,3a,,,,,,,,,,,,,,,,,,,,
12,b,b,g,k,,,3a,,,,,,,,,,,,,,,,,,,,
12,b,c,ch,k,,,2b,,,,,,,,,,,,,,,,,,,,
12,,,,,,talerz-placek,3c,,,,,,,,,,,,,,,,,,,,
12,,,,,otwór na powierzchni,talerz-placek,3c,,,,,,1,,,,,,,,,,,,,,
12,b,c,ch,k,,,2b,,,,,,,,,,,,,,,,,,,,
12,b,b,g,0,,,3a,,,,,,,,,,,,,,,,,,,,
12,,,,,,talerz-placek,3c,,,,,,,,,,,,,,,,,,,,
12,,,,,otwór na powierzchni,talerz-placek,3c,,,,,,1,,,,,,,,,,,,,,
12,b,b,g,k,,,3a,,,,,,,,,,,,,,,,,,,,
12,,,,,,talerz-placek,3c,,,,,,,,,,,,,,,,,,,,
12,b,b,g,k,,,3a,,,,,,,,,,,,,,,,,,,,
12,b,b,ch,k,,,3b,,,,,,,,,,,,,,,,,,,,
12,b,c,ch,k,,,2b,,,,,,,,,,,,,,,,,,,,
12,b,b,g,0/k,,,3a,,,,,,,,,,,,,,,,,,,,
,,,,,,,nan,,,,,,,,,,,,,,,,,,,,
13,b,b,g,k,,,3a,,,,,,,,,,,,,,,,,,,,
13,b,,g/ch,k,"otwór na powierzchni, odciski plecionki?",talerz-placek,3c,,,,,1,1,,,,,,,,,,,,,,
13,b,b,g,0/k,,,3a,,,,,,,,,,,,,,,,,,,,
13,b,,g/ch,k,"do³ek paznokciowy, otwory na powierzchni",talerz-placek,3c,,,,,,1,1,,,,,,,,,,,,,
13,b,b,g,0/k,,,3a,,,,,,,,,,,,,,,,,,,,
13,b,,g/ch,k,odciski plecionki?,talerz-placek,3c,,,,,1,,,,,,,,,,,,,,,
13,b,,g/ch,k,,talerz-placek,3c,,,,,,,,,,,,,,,,,,,,
13,b,,g/ch,k,,talerz-placek,3c,,,,,,,,,,,,,,,,,,,,
13,b,b,g/ch,k,"listwa plastyczna, karbowana (?)",,3b,,,,,,,,,,,,,1,,,,,,,
13,b,,g/ch,k,,talerz-placek,3c,,,,,,,,,,,,,,,,,,,,
13,b,b,ch,k,,,3b,,,,,,,,,,,,,,,,,,,,
13,b,b,g,0,,ucho (przy wylewie),3a,,,,,,,,,,,,,,,,,,,,
13,b,b,g,0/k,,,3a,,,,,,,,,,,,,,,,,,,,
13,b,,g/ch,k,,talerz-placek,3c,,,,,,,,,,,,,,,,,,,,
13,b,b,g,k,,,3a,,,,,,,,,,,,,,,,,,,,
13,b,b,g/ch,k,,,3b,,,,,,,,,,,,,,,,,,,,
13,b,b,g,k,,,3a,,,,,,,,,,,,,,,,,,,,
13,b,b,ch,k,otwór pod wylewem,,3b,,,,,,,,,1,,,,,,,,,,,
13,b,,g/ch,k,odciski plecionki?,talerz-placek,3c,,,,,1,,,,,,,,,,,,,,,
13,b,c,g/ch,k,otwory pod wylewem,,2b,,,,,,,,,1,,,,,,,,,,,
13,b,,g/ch,k,,talerz-placek,3c,,,,,,,,,,,,,,,,,,,,
13,b,b,g,k,listwa plastyczna poœrodku,du¿e ucho?,3a,,,,,,,,,,,,,1,,,,,,,
13,b,,g/ch,k,,talerz-placek,3c,,,,,,,,,,,,,,,,,,,,
13,b,b,g,k,,,3a,,,,,,,,,,,,,,,,,,,,
13,b,,g/ch,k,,talerz-placek,3c,,,,,,,,,,,,,,,,,,,,
13,b,b,g,0/k,,,3a,,,,,,,,,,,,,,,,,,,,
13,b,,g/ch,k,,talerz-placek,3c,,,,,,,,,,,,,,,,,,,,
13,b,,g/ch,k,,talerz-placek,3c,,,,,,,,,,,,,,,,,,,,
13,b,b,g,0,,,3a,,,,,,,,,,,,,,,,,,,,
13,b,b,ch,k,,,3b,,,,,,,,,,,,,,,,,,,,
13,b,,g/ch,k,,talerz-placek,3c,,,,,,,,,,,,,,,,,,,,
13,b,,g,k,,talerz-placek,3c,,,,,,,,,,,,,,,,,,,,
13,c,c,g,k,,,4,,,,,,,,,,,,,,,,,,,,
13,b,b,g,k,,dno,3a,,,,,,,,,,,,,,,,,,,,
13,b,b,g,k,do³ki paznokciowe,,3a,,,,,,,1,,,,,,,,,,,,,
13,b,,g,k,,talerz-placek,3c,,,,,,,,,,,,,,,,,,,,
13,b,b,g,0,,,3a,,,,,,,,,,,,,,,,,,,,
13,b,b,g,0,,,3a,,,,,,,,,,,,,,,,,,,,
13,b,b,ch,k,,,3b,,,,,,,,,,,,,,,,,,,,
13,b,b,g,k,,,3a,,,,,,,,,,,,,,,,,,,,
13,b,,g/ch,k,,talerz-placek,3c,,,,,,,,,,,,,,,,,,,,
13,b,,g/ch,k,"odciski plecionki, otwory na powierzchni",talerz-placek,3c,,,,,1,1,,,,,,,,,,,,,,
13,b,,g/ch,k,,talerz-placek,3c,,,,,,,,,,,,,,,,,,,,
13,b,b,g,k,,,3a,,,,,,,,,,,,,,,,,,,,
13,b,,g,k,,talerz-placek,3c,,,,,,,,,,,,,,,,,,,,
13,b,,g/ch,k,,talerz-placek,3c,,,,,,,,,,,,,,,,,,,,
13,b,b,g,k,,,3a,,,,,,,,,,,,,,,,,,,,
13,b,b,ch,k,,,3b,,,,,,,,,,,,,,,,,,,,
13,b,b,g,k,,,3a,,,,,,,,,,,,,,,,,,,,
13,b,b,g,0,,,3a,,,,,,,,,,,,,,,,,,,,
13,b,b,g,k,,,3a,,,,,,,,,,,,,,,,,,,,
13,b,,g,k,,talerz-placek,3c,,,,,,,,,,,,,,,,,,,,
13,b,,g,k,,talerz-placek,3c,,,,,,,,,,,,,,,,,,,,
13,b,,g/ch,k,,talerz-placek,3c,,,,,,,,,,,,,,,,,,,,
13,b,c,g,k,,,2a,,,,,,,,,,,,,,,,,,,,
,,,,,,,nan,,,,,,,,,,,,,,,,,,,,
18,b,c,ch,k,,,2b,,,,,,,,,,,,,,,,,,,,
18,b,b,ch,k,do³ki paznokciowe,,3b,,,,,,,1,,,,,,,,,,,,,
18,b,,g/ch,k,otwór na powierzchni,talerz-placek,3c,,,,,,1,,,,,,,,,,,,,,
18,b,,g/ch,k,"otwór na powierzchni, do³ki palcowe",talerz-placek,3c,,,,,,1,,,,1,,,,,,,,,,
18,b,b,g,k,"skoœne linie ryte, plastyczny guz? (u³amany)",,3a,,1,1,,,,,,,,,,,,,,,,,
18,b,b,g,0/k,,,3a,,,,,,,,,,,,,,,,,,,,
18,b,,g/ch,k,"otwór na powierzchni, do³ek palcowy",talerz-placek,3c,,,,,,1,,,,1,,,,,,,,,,
18,b,b,g/ch,k,,,3b,,,,,,,,,,,,,,,,,,,,
18,b,,g/ch,k,,talerz-placek,3c,,,,,,,,,,,,,,,,,,,,
18,b,,g/ch,k,,talerz-placek,3c,,,,,,,,,,,,,,,,,,,,
18,b,b,g/ch,k,,,3b,,,,,,,,,,,,,,,,,,,,
18,b,c,g/ch,k,,,2b,,,,,,,,,,,,,,,,,,,,
18,b,,g/ch,k,,talerz-placek,3c,,,,,,,,,,,,,,,,,,,,
18,b,c,g/ch,k,,,2b,,,,,,,,,,,,,,,,,,,,
18,b,,g/ch,k,odcisk plecionki,talerz-placek,3c,,,,,1,,,,,,,,,,,,,,,
18,b,b,g/ch,k,otwór pod wylewem,,3b,,,,,,,,,1,,,,,,,,,,,
18,b,b,ch,k,,,3b,,,,,,,,,,,,,,,,,,,,
18,b,b,g,k,,dno,3a,,,,,,,,,,,,,,,,,,,,
18,b,b,g,k,,,3a,,,,,,,,,,,,,,,,,,,,
18,b,b,ch,k,,,3b,,,,,,,,,,,,,,,,,,,,
18,b,b,g,k,,,3a,,,,,,,,,,,,,,,,,,,,
18,b,,g/ch,k,"otwór na powierzchni, do³ki palcowe",talerz-placek,3c,,,,,,1,,,,1,,,,,,,,,,
18,b,c,g,k,,,2a,,,,,,,,,,,,,,,,,,,,
18,b,,g/ch,k,do³ki paznokciowe,talerz-placek,3c,,,,,,,1,,,,,,,,,,,,,
18,b,b,g,k,,,3a,,,,,,,,,,,,,,,,,,,,
18,b,b,g,0/k,,dno,3a,,,,,,,,,,,,,,,,,,,,
18,b,,g/ch,k,,talerz-placek,3c,,,,,,,,,,,,,,,,,,,,
18,b,b,g,k,,,3a,,,,,,,,,,,,,,,,,,,,
18,b,,g/ch,k,,talerz-placek,3c,,,,,,,,,,,,,,,,,,,,
18,b,b,ch,k,,,3b,,,,,,,,,,,,,,,,,,,,
18,b,,g/ch,k,odcisk plecionki,talerz-placek,3c,,,,,1,,,,,,,,,,,,,,,
18,b,b,g,0,"pozioma linia ryta, guzek plastyczny",,3a,,1,1,,,,,,,,,,,,,,,,,
18,b,b,g,k,do³ki paznokciowe,,3a,,,,,,,1,,,,,,,,,,,,,
18,b,c,ch,k,,,2b,,,,,,,,,,,,,,,,,,,,
18,b,c,ch,k,,,2b,,,,,,,,,,,,,,,,,,,,
18,b,,g/ch,k,,talerz-placek,3c,,,,,,,,,,,,,,,,,,,,
18,b,b,g,k,otwór pod wylewem,,3a,,,,,,,,,1,,,,,,,,,,,
18,b,,g/ch,k,odcisk plecionki,talerz-placek,3c,,,,,1,,,,,,,,,,,,,,,
18,b,b,ch,k,,,3b,,,,,,,,,,,,,,,,,,,,
18,b,c,ch,k,,,2b,,,,,,,,,,,,,,,,,,,,
18,b,b,ch,k,,,3b,,,,,,,,,,,,,,,,,,,,
18,b,,g,k,do³ek paznokciowy,talerz-placek,3c,,,,,,,1,,,,,,,,,,,,,
18,b,,g/ch,k,,talerz-placek,3c,,,,,,,,,,,,,,,,,,,,
18,b,,g,k,,talerz-placek,3c,,,,,,,,,,,,,,,,,,,,
18,b,c,ch,k,,,2b,,,,,,,,,,,,,,,,,,,,
18,b,b,ch,k,,,3b,,,,,,,,,,,,,,,,,,,,
18,b,b,ch,k,,,3b,,,,,,,,,,,,,,,,,,,,
18,b,b,ch,k,,,3b,,,,,,,,,,,,,,,,,,,,
18,b,b,ch,k,,,3b,,,,,,,,,,,,,,,,,,,,
18,b,b,ch,k,,,3b,,,,,,,,,,,,,,,,,,,,
18,b,b,ch,k,guzek plastyczny,,3b,,,1,,,,,,,,,,,,,,,,,
18,b,b,ch,k,,,3b,,,,,,,,,,,,,,,,,,,,
18,b,b,ch,k,,,3b,,,,,,,,,,,,,,,,,,,,
18,b,,g/ch,k,,talerz-placek,3c,,,,,,,,,,,,,,,,,,,,
18,b,b,g,k,,,3a,,,,,,,,,,,,,,,,,,,,
18,b,c,g,k,,,2a,,,,,,,,,,,,,,,,,,,,
18,b,b,g,k,,,3a,,,,,,,,,,,,,,,,,,,,
18,b,b,ch,k,,,3b,,,,,,,,,,,,,,,,,,,,
18,b,,g/ch,k,,talerz-placek,3c,,,,,,,,,,,,,,,,,,,,
18,b,,g/ch,k,,talerz-placek,3c,,,,,,,,,,,,,,,,,,,,
18,b,,g,k,,talerz-placek,3c,,,,,,,,,,,,,,,,,,,,
18,b,,g,k,,talerz-placek,3c,,,,,,,,,,,,,,,,,,,,
18,b,,,k,do³ki paznokciowe,talerz-placek,3c,,,,,,,1,,,,,,,,,,,,,
18,b,b,ch,k,,,3b,,,,,,,,,,,,,,,,,,,,
18,b,b,ch,k,,,3b,,,,,,,,,,,,,,,,,,,,
18,b,,,k,,talerz-placek,3c,,,,,,,,,,,,,,,,,,,,
18,b,,,k,do³ki paznokciowe,talerz-placek,3c,,,,,,,1,,,,,,,,,,,,,
18,c,c,g,0,,,4,,,,,,,,,,,,,,,,,,,,
18,b,b,ch,k,,,3b,,,,,,,,,,,,,,,,,,,,
,,,,,,,nan,,,,,,,,,,,,,,,,,,,,
21,b,b,g,k,,,3a,,,,,,,,,,,,,,,,,,,,
21,b,b,g,k,,,3a,,,,,,,,,,,,,,,,,,,,
21,b,b,ch,k,,,3b,,,,,,,,,,,,,,,,,,,,
21,b,c,g,k,,,2a,,,,,,,,,,,,,,,,,,,,
21,c,b,g,k,,,1,,,,,,,,,,,,,,,,,,,,
21,b,b,g/ch,k,,,3b,,,,,,,,,,,,,,,,,,,,
21,c,b,g,k,,,1,,,,,,,,,,,,,,,,,,,,
21,b,b,g/ch,k,,,3b,,,,,,,,,,,,,,,,,,,,
21,b,b,g,k,,,3a,,,,,,,,,,,,,,,,,,,,
21,c,b,g,k,,,1,,,,,,,,,,,,,,,,,,,,
21,b,b,ch,k,,,3b,,,,,,,,,,,,,,,,,,,,
21,b,b,ch,k,,,3b,,,,,,,,,,,,,,,,,,,,
21,b,b,g,k,,wylew,3a,,,,,,,,,,,,,,,,,,,,
21,b,b,g,k,,dno,3a,,,,,,,,,,,,,,,,,,,,
21,b,c,g,k,,,2a,,,,,,,,,,,,,,,,,,,,
21,b,b,ch,k,,,3b,,,,,,,,,,,,,,,,,,,,
21,b,b,ch,k,,,3b,,,,,,,,,,,,,,,,,,,,
21,b,b,ch,k,,,3b,,,,,,,,,,,,,,,,,,,,
21,b,b,ch,k,pozosta³oœci nieokreœlonego ornamentu plastycznego,,3b,,,,,,,,,,,,,,,,,,,,
21,b,b,g,k,,,3a,,,,,,,,,,,,,,,,,,,,
21,b,b,g,k,,,3a,,,,,,,,,,,,,,,,,,,,
21,b,b,ch,k,,,3b,,,,,,,,,,,,,,,,,,,,
21,b,b,ch,k,,,3b,,,,,,,,,,,,,,,,,,,,
21,b,b,ch,k,,,3b,,,,,,,,,,,,,,,,,,,,
21,b,b,g,k,,,3a,,,,,,,,,,,,,,,,,,,,
21,b,c,g,k,,,2a,,,,,,,,,,,,,,,,,,,,
21,b,b,ch,k,,,3b,,,,,,,,,,,,,,,,,,,,
21,b,b,ch,k,do³ek paznokciowy,,3b,,,,,,,1,,,,,,,,,,,,,
21,b,b,g,k,,,3a,,,,,,,,,,,,,,,,,,,,
21,b,b,ch,k,,,3b,,,,,,,,,,,,,,,,,,,,
21,b,b,ch,k,,,3b,,,,,,,,,,,,,,,,,,,,
21,b,b,ch,k,,,3b,,,,,,,,,,,,,,,,,,,,
21,b,b,ch,k,,,3b,,,,,,,,,,,,,,,,,,,,
21,b,b,g,k,,,3a,,,,,,,,,,,,,,,,,,,,
21,b,b,g,k,,,3a,,,,,,,,,,,,,,,,,,,,
21,b,c,g,k,,,2a,,,,,,,,,,,,,,,,,,,,
21,b,b,ch,k,,,3b,,,,,,,,,,,,,,,,,,,,
21,b,b,ch,k,,,3b,,,,,,,,,,,,,,,,,,,,
21,b,b,g,k,,,3a,,,,,,,,,,,,,,,,,,,,
21,b,b,g,k,,,3a,,,,,,,,,,,,,,,,,,,,
21,b,c,g,k,,,2a,,,,,,,,,,,,,,,,,,,,
21,b,b,g,k,,,3a,,,,,,,,,,,,,,,,,,,,
21,b,c,g,k,,,2a,,,,,,,,,,,,,,,,,,,,
21,b,c,g,k,,,2a,,,,,,,,,,,,,,,,,,,,
21,b,c,g,k,,,2a,,,,,,,,,,,,,,,,,,,,
21,b,b,g,k,,dno,3a,,,,,,,,,,,,,,,,,,,,
21,b,b,g,k,,,3a,,,,,,,,,,,,,,,,,,,,
21,b,b,g,k,,,3a,,,,,,,,,,,,,,,,,,,,
21,b,c,g,k,,,2a,,,,,,,,,,,,,,,,,,,,
21,b,b,ch,k,"do³ki paznokciowe, miseczkowaty guzek plastyczny",,3b,1,,,,,,1,,,,,,,,,,,,,
21,b,b,ch,k,do³ki paznokciowe,,3b,,,,,,,1,,,,,,,,,,,,,
21,b,b,ch,k,,,3b,,,,,,,,,,,,,,,,,,,,
21,b,b,g,k,,,3a,,,,,,,,,,,,,,,,,,,,
21,b,b,g,k,,,3a,,,,,,,,,,,,,,,,,,,,
21,b,c,g,k,,,2a,,,,,,,,,,,,,,,,,,,,
21,b,c,g,k,,,2a,,,,,,,,,,,,,,,,,,,,
21,b,b,ch,k,do³ki paznokciowe,,3b,,,,,,,1,,,,,,,,,,,,,
21,b,b,g,k,,,3a,,,,,,,,,,,,,,,,,,,,
21,b,b,g,k,do³ki paznokciowe,wylew,3a,,,,,,,1,,,,,,,,,,,,,
,,,,,,,nan,,,,,,,,,,,,,,,,,,,,
22,b,c,ch,k,obmazywanie,,2b,,,,,,,,1,,,,,,,,,,,,
22,b,b,g,0/k,,,3a,,,,,,,,,,,,,,,,,,,,
22,b,b,ch,k,"otwory pod wylewem, do³ki paznokciowe",,3b,,,,,,,1,,1,,,,,,,,,,,
22,b,b,ch,k,obmazywanie,,3b,,,,,,,,1,,,,,,,,,,,,
22,b,b,ch,k,pozosta³oœæ nieokreœlonego el. Plastycznego,,3b,,,,,,,,,,,,,,,,,,,,
22,b,b,g,k,,,3a,,,,,,,,,,,,,,,,,,,,
22,b,b,ch,k,obmazywanie,,3b,,,,,,,,1,,,,,,,,,,,,
22,b,b,ch,k,obmazywanie,,3b,,,,,,,,1,,,,,,,,,,,,
22,b,b,g,k,,,3a,,,,,,,,,,,,,,,,,,,,
22,c,b,g,0,skoœne i poziome linie ryte,,1,,1,,,,,,,,,,,,,,,,,,
22,b,,g,0/k,otwór na powierzchni,talerz-placek,3c,,,,,,1,,,,,,,,,,,,,,
22,b,b,ch,k,,,3b,,,,,,,,,,,,,,,,,,,,
22,b,,g/ch,k,otwór na powierzchni,talerz-placek,3c,,,,,,1,,,,,,,,,,,,,,
22,b,b,g,k,,,3a,,,,,,,,,,,,,,,,,,,,
22,b,,g,k,,talerz-placek,3c,,,,,,,,,,,,,,,,,,,,
22,b,,g/ch,k,,talerz-placek,3c,,,,,,,,,,,,,,,,,,,,
22,b,b,g,0/k,,wylew,3a,,,,,,,,,,,,,,,,,,,,
22,b,b,ch,k,,,3b,,,,,,,,,,,,,,,,,,,,
22,b,,g/ch,k,odcisk plecionki,talerz-placek,3c,,,,,1,,,,,,,,,,,,,,,
22,b,,g/ch,k,otwór na powierzchni,talerz-placek,3c,,,,,,1,,,,,,,,,,,,,,
22,b,b,g,k,,wylew?,3a,,,,,,,,,,,,,,,,,,,,
22,b,b,g,k,,,3a,,,,,,,,,,,,,,,,,,,,
22,b,b,ch,k,,,3b,,,,,,,,,,,,,,,,,,,,
22,b,b,g/ch,k,,,3b,,,,,,,,,,,,,,,,,,,,
22,b,,ch,k,,talerz-placek,3c,,,,,,,,,,,,,,,,,,,,
22,b,c,ch,k,do³ki paznokciowe,,2b,,,,,,,1,,,,,,,,,,,,,
22,b,b,ch,k,,,3b,,,,,,,,,,,,,,,,,,,,
22,b,b,ch,k,,,3b,,,,,,,,,,,,,,,,,,,,
22,b,,g,k,otwór na powierzchni,talerz-placek,3c,,,,,,1,,,,,,,,,,,,,,
22,b,b,ch,k,,,3b,,,,,,,,,,,,,,,,,,,,
22,b,b,ch,k,,,3b,,,,,,,,,,,,,,,,,,,,
22,b,b,g,0/k,"ornament pseudosznurowy (?), guzek plastyczny",,3a,,,1,,,,,,,,1,,,,,,,,,
22,b,b,g,k,,,3a,,,,,,,,,,,,,,,,,,,,
22,b,b,g,k,,,3a,,,,,,,,,,,,,,,,,,,,
22,b,b,ch,k,,,3b,,,,,,,,,,,,,,,,,,,,
22,b,,g/ch,k,,talerz-placek,3c,,,,,,,,,,,,,,,,,,,,
22,b,b,ch,k,,,3b,,,,,,,,,,,,,,,,,,,,
22,b,b,g,k,,,3a,,,,,,,,,,,,,,,,,,,,
22,b,b,g,k,,,3a,,,,,,,,,,,,,,,,,,,,
22,b,c,ch,k,,,2b,,,,,,,,,,,,,,,,,,,,
22,b,b,ch,k,,,3b,,,,,,,,,,,,,,,,,,,,
22,b,b,ch,k,,,3b,,,,,,,,,,,,,,,,,,,,
22,b,b,ch,k,,,3b,,,,,,,,,,,,,,,,,,,,
,,,,,,,nan,,,,,,,,,,,,,,,,,,,,
23,b,b,g/ch,k,"do³ek paznokciowy, guz plastyczny",,3b,,,1,,,,1,,,,,,,,,,,,,
23,b,b,ch,k,,,3b,,,,,,,,,,,,,,,,,,,,
23,b,,g/ch,k,otwór na powierzchni z plastyczn¹ obwódk¹,talerz-placek,3c,,,,,,1,,,,,,,,,,,,,,
23,b,,g/ch,k,odcisk plecionki,talerz-placek,3c,,,,,1,,,,,,,,,,,,,,,
23,b,,g/ch,k,,talerz-placek,3c,,,,,,,,,,,,,,,,,,,,
23,b,,g/ch,k,odcisk plecionki,talerz-placek,3c,,,,,1,,,,,,,,,,,,,,,
23,b,,g/ch,k,"otwory na powierzchni, odcisk plecionki",talerz-placek,3c,,,,,1,1,,,,,,,,,,,,,,
23,b,,g/ch,k,odcisk plecionki,talerz-placek,3c,,,,,1,,,,,,,,,,,,,,,
23,b,,ch,k,do³ek paznokciowy,talerz-placek,3c,,,,,,,1,,,,,,,,,,,,,
23,b,,g/ch,k,,talerz-placek,3c,,,,,,,,,,,,,,,,,,,,
23,b,,g/ch,k,,,nan,,,,,,,,,,,,,,,,,,,,
,,,,,,,nan,,,,,,,,,,,,,,,,,,,,
24,b,,g/ch,k,otwór na powierzchni,talerz-placek,3c,,,,,,1,,,,,,,,,,,,,,
24,b,b,ch,k,,,3b,,,,,,,,,,,,,,,,,,,,
24,b,c,g/ch,k,,,2b,,,,,,,,,,,,,,,,,,,,
24,b,b,ch,k,do³ki paznokciowe,,3b,,,,,,,1,,,,,,,,,,,,,
24,b,b,ch,k,,,3b,,,,,,,,,,,,,,,,,,,,
24,b,b,g/ch,k,,,3b,,,,,,,,,,,,,,,,,,,,
24,b,b,g,0/k,od³amany pod³u¿ny el. Plastyczny,,3a,,,,,,,,,,,,,1,,,,,,,
24,b,b,g/ch,k,,,3b,,,,,,,,,,,,,,,,,,,,
24,b,b,ch,k,do³ek paznokciowy,,3b,,,,,,,1,,,,,,,,,,,,,
24,b,c,g,k,,,2a,,,,,,,,,,,,,,,,,,,,
24,b,c,g,k,,,2a,,,,,,,,,,,,,,,,,,,,
24,b,c,ch,k,,,2b,,,,,,,,,,,,,,,,,,,,
24,b,c,g,k,,,2a,,,,,,,,,,,,,,,,,,,,
24,b,,g/ch,k,,talerz-placek,3c,,,,,,,,,,,,,,,,,,,,
24,b,b,g,k,,,3a,,,,,,,,,,,,,,,,,,,,
24,b,b,g,k,,,3a,,,,,,,,,,,,,,,,,,,,
24,b,b,g,k,,,3a,,,,,,,,,,,,,,,,,,,,
24,b,b,ch,k,,,3b,,,,,,,,,,,,,,,,,,,,
24,b,c,g,k,,,2a,,,,,,,,,,,,,,,,,,,,
24,b,,g/ch,k,,talerz-placek,3c,,,,,,,,,,,,,,,,,,,,
24,b,,g/ch,k,,talerz-placek,3c,,,,,,,,,,,,,,,,,,,,
24,b,,g/ch,k,,talerz-placek,3c,,,,,,,,,,,,,,,,,,,,
24,b,b,g,k,,,3a,,,,,,,,,,,,,,,,,,,,
24,b,b,g,k,,,3a,,,,,,,,,,,,,,,,,,,,
24,b,b,g,0/k,,,3a,,,,,,,,,,,,,,,,,,,,
24,b,b,g,0/k,,,3a,,,,,,,,,,,,,,,,,,,,
24,b,b,g,k,,,3a,,,,,,,,,,,,,,,,,,,,
24,b,c,ch,k,,,2b,,,,,,,,,,,,,,,,,,,,
24,b,c,g,0,,,2a,,,,,,,,,,,,,,,,,,,,
,,,,,,,nan,,,,,,,,,,,,,,,,,,,,
25,b,,g,k,,talerz-placek,3c,,,,,,,,,,,,,,,,,,,,
25,b,b,ch,k,do³ki paznokciowe,,3b,,,,,,,1,,,,,,,,,,,,,
25,b,,g/ch,k,otwór na powierzchni,talerz-placek,3c,,,,,,1,,,,,,,,,,,,,,
25,b,,g/ch,k,otwór na powierzchni,talerz-placek,3c,,,,,,1,,,,,,,,,,,,,,
25,b,b,ch,k,,,3b,,,,,,,,,,,,,,,,,,,,
25,b,b,g,k,,,3a,,,,,,,,,,,,,,,,,,,,
25,b,c,ch,k,,,2b,,,,,,,,,,,,,,,,,,,,
25,b,b,g,k,,,3a,,,,,,,,,,,,,,,,,,,,
25,b,b,ch,k,,,3b,,,,,,,,,,,,,,,,,,,,
25,b,,g/ch,k,,,nan,,,,,,,,,,,,,,,,,,,,
25,b,b,g,0/k,,,3a,,,,,,,,,,,,,,,,,,,,
25,b,,g/ch,k,"otwór na powierzchni, do³ki palcowe",talerz-placek,3c,,,,,,1,,,,1,,,,,,,,,,
25,b,,g/ch,k,,talerz-placek,3c,,,,,,,,,,,,,,,,,,,,
25,b,b,ch,k,,,3b,,,,,,,,,,,,,,,,,,,,
25,b,b,g,k,,,3a,,,,,,,,,,,,,,,,,,,,
25,b,b,ch,k,,,3b,,,,,,,,,,,,,,,,,,,,
25,b,,g,k,,talerz-placek,3c,,,,,,,,,,,,,,,,,,,,
25,b,b,ch,k,,,3b,,,,,,,,,,,,,,,,,,,,
25,b,b,ch,k,,,3b,,,,,,,,,,,,,,,,,,,,
,,,,,,,nan,,,,,,,,,,,,,,,,,,,,
27,b,,g/ch,k,,talerz-placek,3c,,,,,,,,,,,,,,,,,,,,
27,b,b,g,0/k,,,3a,,,,,,,,,,,,,,,,,,,,
27,b,b,g,0,,,3a,,,,,,,,,,,,,,,,,,,,
27,b,,g/ch,k,"otwór na powierzchni, odcisk plecionki",talerz-placek,3c,,,,,1,1,,,,,,,,,,,,,,
27,b,b,g,k,,,3a,,,,,,,,,,,,,,,,,,,,
27,b,,g/ch,k,odcisk palcowy,talerz-placek,3c,,,,,,,,,,1,,,,,,,,,,
27,b,,g/ch,k,,talerz-placek,3c,,,,,,,,,,,,,,,,,,,,
27,b,,g/ch,k,odciski paznokciowe,talerz-placek,3c,,,,,,,1,,,,,,,,,,,,,
27,b,b,g,0,,,3a,,,,,,,,,,,,,,,,,,,,
27,b,,g/ch,k,,talerz-placek,3c,,,,,,,,,,,,,,,,,,,,
27,b,b,ch,k,,,3b,,,,,,,,,,,,,,,,,,,,
27,b,,ch,k,odcisk plecionki,talerz-placek,3c,,,,,1,,,,,,,,,,,,,,,
27,b,b,g,k,,,3a,,,,,,,,,,,,,,,,,,,,
27,b,b,g,k,,,3a,,,,,,,,,,,,,,,,,,,,
27,b,,g/ch,k,odcisk paznokciowy,talerz-placek,3c,,,,,,,1,,,,,,,,,,,,,
27,b,,g/ch,k,,talerz-placek,3c,,,,,,,,,,,,,,,,,,,,
27,b,b,g,0/k,,,3a,,,,,,,,,,,,,,,,,,,,
27,b,b,ch,k,,,3b,,,,,,,,,,,,,,,,,,,,
27,b,,g/ch,k,,talerz-placek,3c,,,,,,,,,,,,,,,,,,,,
27,b,b,g/ch,k,odciski paznokciowe,,3b,,,,,,,1,,,,,,,,,,,,,
27,b,b,g,k,,,3a,,,,,,,,,,,,,,,,,,,,
27,b,,g/ch,k,,talerz-placek,3c,,,,,,,,,,,,,,,,,,,,
27,b,,g,k,,talerz-placek,3c,,,,,,,,,,,,,,,,,,,,
27,b,,g/ch,k,,talerz-placek,3c,,,,,,,,,,,,,,,,,,,,
27,b,,g,k,,talerz-placek,3c,,,,,,,,,,,,,,,,,,,,
27,b,,g/ch,k,,talerz-placek,3c,,,,,,,,,,,,,,,,,,,,
27,b,,ch,k,odcisk plecionki,talerz-placek,3c,,,,,1,,,,,,,,,,,,,,,
27,b,,ch,k,odcisk plecionki,talerz-placek,3c,,,,,1,,,,,,,,,,,,,,,
27,b,,g/ch,k,,talerz-placek,3c,,,,,,,,,,,,,,,,,,,,
27,b,,ch,k,odcisk plecionki,talerz-placek,3c,,,,,1,,,,,,,,,,,,,,,
27,b,b,g,0/k,,,3a,,,,,,,,,,,,,,,,,,,,
27,b,,g,k,otwór na powierzchni,talerz-placek,3c,,,,,,1,,,,,,,,,,,,,,
,,,,,,,nan,,,,,,,,,,,,,,,,,,,,
29,b,,g/ch,k,"otwór na powierzchni, odciski paznokciowe, odcisk plecionki",talerz-placek,3c,,,,,1,1,1,,,,,,,,,,,,,
29,b,b,g/ch,k,do³ki paznokciowe,,3b,,,,,,,1,,,,,,,,,,,,,
29,b,b,ch,k,,,3b,,,,,,,,,,,,,,,,,,,,
29,b,c,g,k,,,2a,,,,,,,,,,,,,,,,,,,,
29,b,b,ch,k,,,3b,,,,,,,,,,,,,,,,,,,,
29,b,,g/ch,k,"otwór na powierzchni, odciski paznokciowe",talerz-placek,3c,,,,,,1,1,,,,,,,,,,,,,
29,b,c,g,0,,,2a,,,,,,,,,,,,,,,,,,,,
29,b,c,g,0/k,,,2a,,,,,,,,,,,,,,,,,,,,
29,b,c,g,k,,,2a,,,,,,,,,,,,,,,,,,,,
29,b,b,ch,k,,,3b,,,,,,,,,,,,,,,,,,,,
29,b,b,ch,k,,,3b,,,,,,,,,,,,,,,,,,,,
29,b,b,ch,k,,,3b,,,,,,,,,,,,,,,,,,,,
29,b,c,g,k,,,2a,,,,,,,,,,,,,,,,,,,,
29,b,c,g,k,,,2a,,,,,,,,,,,,,,,,,,,,
29,b,b,ch,k,,,3b,,,,,,,,,,,,,,,,,,,,
29,b,b,ch,k,,,3b,,,,,,,,,,,,,,,,,,,,
29,b,b,ch,k,,,3b,,,,,,,,,,,,,,,,,,,,
29,b,b,ch,k,,,3b,,,,,,,,,,,,,,,,,,,,
29,b,,g,k,,talerz-placek,3c,,,,,,,,,,,,,,,,,,,,
29,b,c,g,k,,,2a,,,,,,,,,,,,,,,,,,,,
29,b,b,ch,k,,,3b,,,,,,,,,,,,,,,,,,,,
29,b,,ch,k,,talerz-placek,3c,,,,,,,,,,,,,,,,,,,,
29,b,,g,k,,talerz-placek,3c,,,,,,,,,,,,,,,,,,,,
29,c,b,ch,k,,,1,,,,,,,,,,,,,,,,,,,,
29,b,c,g,k,do³ki paznokciowe,,2a,,,,,,,1,,,,,,,,,,,,,
29,b,,g/ch,k,,talerz-placek,3c,,,,,,,,,,,,,,,,,,,,
29,c,c,g,k,,,4,,,,,,,,,,,,,,,,,,,,
29,b,c,ch,k,,,2b,,,,,,,,,,,,,,,,,,,,
29,b,,g,k,,talerz-placek,3c,,,,,,,,,,,,,,,,,,,,
29,b,,g,k,,talerz-placek,3c,,,,,,,,,,,,,,,,,,,,
29,b,b,g,k,otwór pod wylewem,,3a,,,,,,,,,1,,,,,,,,,,,
29,b,c,g,0,,,2a,,,,,,,,,,,,,,,,,,,,
29,b,,g/ch,k,,talerz-placek,3c,,,,,,,,,,,,,,,,,,,,
29,b,b,ch,k,,,3b,,,,,,,,,,,,,,,,,,,,
29,b,,g/ch,k,,talerz-placek,3c,,,,,,,,,,,,,,,,,,,,
29,b,b,g,k,,,3a,,,,,,,,,,,,,,,,,,,,
29,b,b,ch,k,,,3b,,,,,,,,,,,,,,,,,,,,
29,b,,g,k,,talerz-placek,3c,,,,,,,,,,,,,,,,,,,,
29,c,c,g,k,,,4,,,,,,,,,,,,,,,,,,,,
29,b,b,ch,k,,,3b,,,,,,,,,,,,,,,,,,,,
29,b,b,g,k,,,3a,,,,,,,,,,,,,,,,,,,,
29,b,c,g,k,,,2a,,,,,,,,,,,,,,,,,,,,
29,b,,g/ch,k,,talerz-placek,3c,,,,,,,,,,,,,,,,,,,,
29,b,c,g,k,,,2a,,,,,,,,,,,,,,,,,,,,
29,b,,g/ch,k,,talerz-placek,3c,,,,,,,,,,,,,,,,,,,,
29,b,c,g,k,,,2a,,,,,,,,,,,,,,,,,,,,
29,b,,g/ch,k,,talerz-placek,3c,,,,,,,,,,,,,,,,,,,,
29,b,,g,k,,talerz-placek,3c,,,,,,,,,,,,,,,,,,,,
29,b,b,ch,k,,,3b,,,,,,,,,,,,,,,,,,,,
29,b,c,g,0,,,2a,,,,,,,,,,,,,,,,,,,,
29,b,,g/ch,k,,talerz-placek,3c,,,,,,,,,,,,,,,,,,,,
29,b,c,g,0,,,2a,,,,,,,,,,,,,,,,,,,,
29,b,c,g,0/k,,,2a,,,,,,,,,,,,,,,,,,,,
29,b,c,g,k,,,2a,,,,,,,,,,,,,,,,,,,,
29,b,c,g,k,,,2a,,,,,,,,,,,,,,,,,,,,
29,b,,g,k,,talerz-placek,3c,,,,,,,,,,,,,,,,,,,,
29,b,,g/ch,k,,talerz-placek,3c,,,,,,,,,,,,,,,,,,,,
29,b,b,g,k,,,3a,,,,,,,,,,,,,,,,,,,,
29,b,c,g,0/k,,,2a,,,,,,,,,,,,,,,,,,,,
,,,,,,,nan,,,,,,,,,,,,,,,,,,,,
30,b,b,ch,k,listwa plastyczna z do³kami paznokciowymi,,3b,,,,,,,1,,,,,,1,,,,,,,
30,b,b,g,0/k,,,3a,,,,,,,,,,,,,,,,,,,,
30,b,b,g/ch,k,"otwór pod wylewem, odciski palcowe",,3b,,,,,,,,,1,1,,,,,,,,,,
30,b,c,g,k,,,2a,,,,,,,,,,,,,,,,,,,,
30,b,b,ch,k,,,3b,,,,,,,,,,,,,,,,,,,,
30,b,,g/ch,k,,talerz-placek,3c,,,,,,,,,,,,,,,,,,,,
30,b,c,g,k,,,2a,,,,,,,,,,,,,,,,,,,,
30,b,c,g,k,,,2a,,,,,,,,,,,,,,,,,,,,
30,b,b,ch,k,,,3b,,,,,,,,,,,,,,,,,,,,
30,b,b,ch,k,,,3b,,,,,,,,,,,,,,,,,,,,
30,b,b,ch,k,,,3b,,,,,,,,,,,,,,,,,,,,
30,b,c,g,k,,,2a,,,,,,,,,,,,,,,,,,,,
30,b,b,g,k,,,3a,,,,,,,,,,,,,,,,,,,,
30,b,c,g,k,,,2a,,,,,,,,,,,,,,,,,,,,
30,b,b,g,k,,,3a,,,,,,,,,,,,,,,,,,,,
30,b,c,g,k,,,2a,,,,,,,,,,,,,,,,,,,,
,,,,,,,nan,,,,,,,,,,,,,,,,,,,,
33,b,,g/ch,k,odcisk plecionki,talerz-placek,3c,,,,,1,,,,,,,,,,,,,,,
33,b,,g/ch,k,do³ek paznokciowy,talerz-placek,3c,,,,,,,1,,,,,,,,,,,,,
33,b,b,ch,k,,,3b,,,,,,,,,,,,,,,,,,,,
,,,,,,,nan,,,,,,,,,,,,,,,,,,,,
28,b,,g/ch,k,"otwó na powierzchni, odciski?",talerz-placek,3c,,,,,,1,,,,,,,,,,,,,,
28,b,b,ch,k,guzek plastyczny,,3b,,,1,,,,,,,,,,,,,,,,,
28,b,b,g,0/k,,,3a,,,,,,,,,,,,,,,,,,,,
28,b,b,g,k,,,3a,,,,,,,,,,,,,,,,,,,,
28,b,,g/ch,k,"otwory na powierzchni, odcisk plecionki",talerz-placek,3c,,,,,1,1,,,,,,,,,,,,,,
28,b,b,g,k,,,3a,,,,,,,,,,,,,,,,,,,,
28,b,,g/ch,k,do³ki paznokciowe,talerz-placek,3c,,,,,,,1,,,,,,,,,,,,,
28,b,,g/ch,k,odcisk plecionki,talerz-placek,3c,,,,,1,,,,,,,,,,,,,,,
28,b,b,g,k,,,3a,,,,,,,,,,,,,,,,,,,,
28,b,b,ch,k,,,3b,,,,,,,,,,,,,,,,,,,,
28,b,b,ch,k,,,3b,,,,,,,,,,,,,,,,,,,,
28,b,,g/ch,k,,talerz-placek,3c,,,,,,,,,,,,,,,,,,,,
28,b,b,ch,k,,,3b,,,,,,,,,,,,,,,,,,,,
28,b,b,ch,k,,,3b,,,,,,,,,,,,,,,,,,,,
28,b,b,ch,k,,,3b,,,,,,,,,,,,,,,,,,,,
28,b,b,g,k,ucho,,3a,,,,,,,,,,,,,,1,,,,,,
28,b,,g/ch,k,,talerz-placek,3c,,,,,,,,,,,,,,,,,,,,
28,b,c,ch,k,,,2b,,,,,,,,,,,,,,,,,,,,
28,b,b,g,k,,,3a,,,,,,,,,,,,,,,,,,,,
28,b,,g/ch,k,,talerz-placek,3c,,,,,,,,,,,,,,,,,,,,
28,b,b,g,k,,,3a,,,,,,,,,,,,,,,,,,,,
28,b,,g/ch,k,,talerz-placek,3c,,,,,,,,,,,,,,,,,,,,
28,b,b,ch,k,,,3b,,,,,,,,,,,,,,,,,,,,
28,b,c,g/ch,k,,,2b,,,,,,,,,,,,,,,,,,,,
28,b,,g,k,,talerz-placek,3c,,,,,,,,,,,,,,,,,,,,
28,b,,g/ch,k,"otwór na powierzchni, do³ki paznokciowe",talerz-placek,3c,,,,,,1,1,,,,,,,,,,,,,
28,b,,g,k,,talerz-placek,3c,,,,,,,,,,,,,,,,,,,,
28,b,c,ch,k,,,2b,,,,,,,,,,,,,,,,,,,,
28,b,,g/ch,k,odcisk plecionki,talerz-placek,3c,,,,,1,,,,,,,,,,,,,,,
28,c,c,g,0/k,wystaj¹cy plastyczny sto¿ek,pokrywka?/ dno?,4,,,1,,,,,,,,,,,,,,,,,
28,b,,g,k,do³ki paznokciowe tworz¹ce ornament promienisty,talerz-placek,3c,,,,,,,1,,,,,,,,,,,,,
28,b,,g/ch,k,odcisk plecionki,talerz-placek,3c,,,,,1,,,,,,,,,,,,,,,
28,b,b,g,0/k,,,3a,,,,,,,,,,,,,,,,,,,,
28,b,b,ch,k,,,3b,,,,,,,,,,,,,,,,,,,,
28,b,b,ch,k,,,3b,,,,,,,,,,,,,,,,,,,,
28,b,b,g,k,,,3a,,,,,,,,,,,,,,,,,,,,
28,b,,g/ch,k,,talerz-placek,3c,,,,,,,,,,,,,,,,,,,,
28,b,c,ch,k,,,2b,,,,,,,,,,,,,,,,,,,,
28,b,c,g,k,,,2a,,,,,,,,,,,,,,,,,,,,
28,b,b,g,k,,,3a,,,,,,,,,,,,,,,,,,,,
28,b,,g/ch,k,,talerz-placek,3c,,,,,,,,,,,,,,,,,,,,
28,b,,g/ch,k,,talerz-placek,3c,,,,,,,,,,,,,,,,,,,,
28,b,c,ch,k,do³ki paznokciowe,,2b,,,,,,,1,,,,,,,,,,,,,
28,b,,g/ch,k,do³ki paznokciowe,talerz-placek,3c,,,,,,,1,,,,,,,,,,,,,
28,b,b,g,k,,,3a,,,,,,,,,,,,,,,,,,,,
28,b,,g,k,,talerz-placek,3c,,,,,,,,,,,,,,,,,,,,
28,b,c,ch,k,do³ki paznokciowe,,2b,,,,,,,1,,,,,,,,,,,,,
28,b,b,g,k,,,3a,,,,,,,,,,,,,,,,,,,,
28,b,,g/ch,k,,talerz-placek,3c,,,,,,,,,,,,,,,,,,,,
28,b,,g,k,,talerz-placek,3c,,,,,,,,,,,,,,,,,,,,
28,b,b,g,k,,,3a,,,,,,,,,,,,,,,,,,,,
28,b,c,g/ch,k,,,2b,,,,,,,,,,,,,,,,,,,,
28,b,b,g,k,,,3a,,,,,,,,,,,,,,,,,,,,
28,b,b,g,0/k,,,3a,,,,,,,,,,,,,,,,,,,,
28,b,b,g,k,,,3a,,,,,,,,,,,,,,,,,,,,
28,b,b,g,k,,,3a,,,,,,,,,,,,,,,,,,,,
28,b,b,g,k,,,3a,,,,,,,,,,,,,,,,,,,,
28,b,c,ch,k,,,2b,,,,,,,,,,,,,,,,,,,,
28,b,,g/ch,k,,talerz-placek,3c,,,,,,,,,,,,,,,,,,,,
28,b,,g/ch,k,,talerz-placek,3c,,,,,,,,,,,,,,,,,,,,
,,,,,,,nan,,,,,,,,,,,,,,,,,,,,
34,b,b,ch,k,,,3b,,,,,,,,,,,,,,,,,,,,
34,b,c,g,0/k,,dno,2a,,,,,,,,,,,,,,,,,,,,
34,b,b,ch,k,,,3b,,,,,,,,,,,,,,,,,,,,
34,b,b,ch,k,,,3b,,,,,,,,,,,,,,,,,,,,
34,b,,g,k,,talerz-placek,3c,,,,,,,,,,,,,,,,,,,,
34,b,b,ch,k,do³ki palcowe,,3b,,,,,,,,,,1,,,,,,,,,,
34,b,b,ch,k,,,3b,,,,,,,,,,,,,,,,,,,,
34,b,b,g,k,,dno,3a,,,,,,,,,,,,,,,,,,,,
34,b,b,ch,k,,,3b,,,,,,,,,,,,,,,,,,,,
34,b,b,g,k,,dno,3a,,,,,,,,,,,,,,,,,,,,
34,b,b,ch,k,do³ki palcowe,,3b,,,,,,,,,,1,,,,,,,,,,
34,b,,g,k,do³ki palcowe,talerz-placek,3c,,,,,,,,,,1,,,,,,,,,,
34,b,b,ch,k,,,3b,,,,,,,,,,,,,,,,,,,,
34,b,b,g/ch,k,do³ki palcowe,,3b,,,,,,,,,,1,,,,,,,,,,
34,b,b,g/ch,k,,,3b,,,,,,,,,,,,,,,,,,,,
34,b,,g/ch,k,,talerz-placek,3c,,,,,,,,,,,,,,,,,,,,
34,b,b,ch,k,,,3b,,,,,,,,,,,,,,,,,,,,
34,b,,g/ch,k,,talerz-placek,3c,,,,,,,,,,,,,,,,,,,,
34,b,b,ch,k,,,3b,,,,,,,,,,,,,,,,,,,,
34,b,b,ch,k,,,3b,,,,,,,,,,,,,,,,,,,,
34,b,b,ch,k,,,3b,,,,,,,,,,,,,,,,,,,,
34,b,b,g,k,,,3a,,,,,,,,,,,,,,,,,,,,
34,b,,g/ch,k,,talerz-placek,3c,,,,,,,,,,,,,,,,,,,,
34,b,b,ch,k,,,3b,,,,,,,,,,,,,,,,,,,,
34,b,b,g,k,,,3a,,,,,,,,,,,,,,,,,,,,
34,b,b,ch,k,,,3b,,,,,,,,,,,,,,,,,,,,
34,b,b,ch,k,,,3b,,,,,,,,,,,,,,,,,,,,
34,b,b,ch,k,,,3b,,,,,,,,,,,,,,,,,,,,
34,b,b,ch,k,,,3b,,,,,,,,,,,,,,,,,,,,
34,b,,g,k,,talerz-placek,3c,,,,,,,,,,,,,,,,,,,,
34,b,,g,k,,talerz-placek,3c,,,,,,,,,,,,,,,,,,,,
34,b,b,ch,k,,,3b,,,,,,,,,,,,,,,,,,,,
34,b,,g/ch,k,,talerz-placek,3c,,,,,,,,,,,,,,,,,,,,
,,,,,,,nan,,,,,,,,,,,,,,,,,,,,
37,b,,g/ch,k,"otwory na powierzchni, odcisk plecionki",talerz-placek,3c,,,,,1,1,,,,,,,,,,,,,,
37,b,b,g,k,,,3a,,,,,,,,,,,,,,,,,,,,
37,b,b,ch,k,,,3b,,,,,,,,,,,,,,,,,,,,
37,b,b,g,k,,,3a,,,,,,,,,,,,,,,,,,,,
37,b,b,ch,k,,,3b,,,,,,,,,,,,,,,,,,,,
37,b,,g/ch,k,odcisk plecionki,talerz-placek,3c,,,,,1,,,,,,,,,,,,,,,
37,b,,g/ch,k,,talerz-placek,3c,,,,,,,,,,,,,,,,,,,,
37,b,,g,k,,talerz-placek,3c,,,,,,,,,,,,,,,,,,,,
37,b,b,ch,k,,,3b,,,,,,,,,,,,,,,,,,,,
37,b,,g,k,otwór na powierzchni,,nan,,,,,,1,,,,,,,,,,,,,,
37,b,b,ch,k,,,3b,,,,,,,,,,,,,,,,,,,,
,,,,,,,nan,,,,,,,,,,,,,,,,,,,,
41,b,b,ch,k,,,3b,,,,,,,,,,,,,,,,,,,,
41,b,,g/ch,k,"do³ki paznokciowe, otwory na powierzchni",talerz-placek,3c,,,,,,1,1,,,,,,,,,,,,,
41,b,,g/ch,k,,talerz-placek,3c,,,,,,,,,,,,,,,,,,,,
41,b,,g/ch,k,"otwory na powierzchni, odcisk plecionki",talerz-placek,3c,,,,,1,1,,,,,,,,,,,,,,
41,,,,,,talerz-placek,3c,,,,,,,,,,,,,,,,,,,,
41,,,,,,talerz-placek,3c,,,,,,,,,,,,,,,,,,,,
41,b,b,ch,k,,,3b,,,,,,,,,,,,,,,,,,,,
41,b,c,g/ch,k,,,2b,,,,,,,,,,,,,,,,,,,,
41,,,,,,talerz-placek,3c,,,,,,,,,,,,,,,,,,,,
41,b,b,ch,k,,,3b,,,,,,,,,,,,,,,,,,,,
41,,,,,,talerz-placek,3c,,,,,,,,,,,,,,,,,,,,
41,,,,,,talerz-placek,3c,,,,,,,,,,,,,,,,,,,,
41,b,b,g,k,,,3a,,,,,,,,,,,,,,,,,,,,
41,,,,,,talerz-placek,3c,,,,,,,,,,,,,,,,,,,,
41,,,,,do³ek paznokciowy,talerz-placek,3c,,,,,,,1,,,,,,,,,,,,,
41,b,c,g,0/k,,,2a,,,,,,,,,,,,,,,,,,,,
41,,,,,,talerz-placek,3c,,,,,,,,,,,,,,,,,,,,
41,b,b,g/ch,k,do³ki paznokciowe,,3b,,,,,,,1,,,,,,,,,,,,,
41,,,,,,talerz-placek,3c,,,,,,,,,,,,,,,,,,,,
41,b,b,g,k,,,3a,,,,,,,,,,,,,,,,,,,,
41,,,,,,talerz-placek,3c,,,,,,,,,,,,,,,,,,,,
41,b,b,g,k,ornament pseudosznurowy/ choinkowy,,3a,,,,1,,,,,,,,,,,,,,,,
41,b,c,ch,k,,,2b,,,,,,,,,,,,,,,,,,,,
41,,,,,,talerz-placek,3c,,,,,,,,,,,,,,,,,,,,
41,b,b,ch,k,,,3b,,,,,,,,,,,,,,,,,,,,
41,,,,,"otwory na powierzchni, odcisk plecionki",talerz-placek,3c,,,,,1,,,,,,,,,,,,,,,
41,,,,,,talerz-placek,3c,,,,,,,,,,,,,,,,,,,,
41,b,b,ch,k,,,3b,,,,,,,,,,,,,,,,,,,,
41,,,,,,talerz-placek,3c,,,,,,,,,,,,,,,,,,,,
41,,,,,,talerz-placek,3c,,,,,,,,,,,,,,,,,,,,
41,b,b,g,k,,,3a,,,,,,,,,,,,,,,,,,,,
41,,,,,,talerz-placek,3c,,,,,,,,,,,,,,,,,,,,
41,,,,,,talerz-placek,3c,,,,,,,,,,,,,,,,,,,,
41,,,,,,talerz-placek,3c,,,,,,,,,,,,,,,,,,,,
41,,,,,,talerz-placek,3c,,,,,,,,,,,,,,,,,,,,
41,b,c,g,k,,,2a,,,,,,,,,,,,,,,,,,,,
41,b,b,g,k,,,3a,,,,,,,,,,,,,,,,,,,,
41,,,,,otwór na powierzchni,talerz-placek,3c,,,,,,1,,,,,,,,,,,,,,
41,b,b,g,k,ornament pseudosznurowy/ choinkowy,,3a,,,,1,,,,,,,,,,,,,,,,
41,b,b,g,0/k,,,3a,,,,,,,,,,,,,,,,,,,,
41,,,,,,talerz-placek,3c,,,,,,,,,,,,,,,,,,,,
41,b,b,g,0,,,3a,,,,,,,,,,,,,,,,,,,,
41,,,,,,talerz-placek,3c,,,,,,,,,,,,,,,,,,,,
41,b,b,g,k,,,3a,,,,,,,,,,,,,,,,,,,,
41,b,b,g,k,,,3a,,,,,,,,,,,,,,,,,,,,
41,b,b,ch,k,,,3b,,,,,,,,,,,,,,,,,,,,
41,b,c,ch,k,,,2b,,,,,,,,,,,,,,,,,,,,
41,b,c,g,k,,,2a,,,,,,,,,,,,,,,,,,,,
41,b,b,g,k,,,3a,,,,,,,,,,,,,,,,,,,,
41,b,b,g,0/k,,,3a,,,,,,,,,,,,,,,,,,,,
,,,,,,,nan,,,,,,,,,,,,,,,,,,,,
45,c,b,g,k,"grupy linii tytch skoœnych i pionowych, dwie linie ryte poziome",,1,,1,,,,,,,,,,,,,,,,,,
45,b,b,ch,k,do³ki paznokciowe,,3b,,,,,,,1,,,,,,,,,,,,,
45,b,c,ch,k,,dno,2b,,,,,,,,,,,,,,,,,,,,
45,b,b,g/ch,k,otwory pod wylewem,,3b,,,,,,,,,1,,,,,,,,,,,
45,b,c,ch,k,,,2b,,,,,,,,,,,,,,,,,,,,
45,b,b,ch,k,,,3b,,,,,,,,,,,,,,,,,,,,
45,b,b,g,k,,,3a,,,,,,,,,,,,,,,,,,,,
45,b,b,g,k,,,3a,,,,,,,,,,,,,,,,,,,,
45,b,b,ch,k,,,3b,,,,,,,,,,,,,,,,,,,,
45,b,b,ch,k,,,3b,,,,,,,,,,,,,,,,,,,,
45,b,b,g,k,,,3a,,,,,,,,,,,,,,,,,,,,
45,b,b,ch,k,,,3b,,,,,,,,,,,,,,,,,,,,
45,b,b,ch,k,,,3b,,,,,,,,,,,,,,,,,,,,
45,b,b,ch,k,,,3b,,,,,,,,,,,,,,,,,,,,
45,b,b,ch,k,,,3b,,,,,,,,,,,,,,,,,,,,
45,b,b,ch,k,obmazywanie,,3b,,,,,,,,1,,,,,,,,,,,,
45,b,b,ch,k,do³ki paznokciowe,,3b,,,,,,,1,,,,,,,,,,,,,
45,b,b,ch,k,,,3b,,,,,,,,,,,,,,,,,,,,
45,b,b,ch,k,obmazywanie,,3b,,,,,,,,1,,,,,,,,,,,,
45,b,b,ch,k,,,3b,,,,,,,,,,,,,,,,,,,,
45,b,b,ch,k,,,3b,,,,,,,,,,,,,,,,,,,,
45,b,b,ch,k,,,3b,,,,,,,,,,,,,,,,,,,,
45,b,b,ch,k,do³ki paznokciowe,,3b,,,,,,,1,,,,,,,,,,,,,
45,b,b,ch,k,do³ki paznokciowe,,3b,,,,,,,1,,,,,,,,,,,,,
45,b,b,ch,k,,,3b,,,,,,,,,,,,,,,,,,,,
45,b,b,g,k,,,3a,,,,,,,,,,,,,,,,,,,,
45,b,b,ch,k,do³ki paznokciowe,,3b,,,,,,,1,,,,,,,,,,,,,
45,b,b,ch,k,do³ek paznokciowy,,3b,,,,,,,1,,,,,,,,,,,,,
45,,,,,,talerz-placek,3c,,,,,,,,,,,,,,,,,,,,
45,b,b,ch,k,,,3b,,,,,,,,,,,,,,,,,,,,
45,b,b,g,roœlinna?,,,3a,,,,,,,,,,,,,,,,,,,,
45,,,,,,talerz-placek,3c,,,,,,,,,,,,,,,,,,,,
45,b,b,g,0,,,3a,,,,,,,,,,,,,,,,,,,,
45,b,b,ch,k,do³ki paznokciowe,,3b,,,,,,,1,,,,,,,,,,,,,
45,b,b,g,k,,,3a,,,,,,,,,,,,,,,,,,,,
45,b,c,ch,k,do³ek paznokciowy,,2b,,,,,,,1,,,,,,,,,,,,,
45,b,c,g,k,,,2a,,,,,,,,,,,,,,,,,,,,
45,b,b,ch,k,,,3b,,,,,,,,,,,,,,,,,,,,
45,b,c,ch,k,,,2b,,,,,,,,,,,,,,,,,,,,
45,b,b,ch,k,do³ki paznokciowe,,3b,,,,,,,1,,,,,,,,,,,,,
45,b,c,g,k,,,2a,,,,,,,,,,,,,,,,,,,,
45,c,b,g,k,,,1,,,,,,,,,,,,,,,,,,,,
45,b,b,ch,k,do³ek paznokciowy,,3b,,,,,,,1,,,,,,,,,,,,,
45,b,b,ch,k,do³ek paznokciowy,,3b,,,,,,,1,,,,,,,,,,,,,
45,b,b,ch,k,,,3b,,,,,,,,,,,,,,,,,,,,
45,b,b,ch,k,,,3b,,,,,,,,,,,,,,,,,,,,
45,b,b,g,k,,,3a,,,,,,,,,,,,,,,,,,,,
45,b,c,g,k,,,2a,,,,,,,,,,,,,,,,,,,,
45,b,b,g,k,,,3a,,,,,,,,,,,,,,,,,,,,
45,b,b,ch,k,,,3b,,,,,,,,,,,,,,,,,,,,
45,b,b,ch,k,do³ek paznokciowy,,3b,,,,,,,1,,,,,,,,,,,,,
45,b,b,ch,k,,,3b,,,,,,,,,,,,,,,,,,,,
45,b,b,g,k,"poziome linie ryte, plastyczne koliste zag³êbienia miêdzy nimi",,3a,,1,,,,,,,,,,,,,1,,,,,
45,b,b,ch,k,,,3b,,,,,,,,,,,,,,,,,,,,
45,b,b,ch,k,,,3b,,,,,,,,,,,,,,,,,,,,
45,b,b,ch,k,,,3b,,,,,,,,,,,,,,,,,,,,
45,b,b,g,0,,,3a,,,,,,,,,,,,,,,,,,,,
45,b,b,ch,k,,,3b,,,,,,,,,,,,,,,,,,,,
45,b,b,ch,k,otwór pod wylewem,,3b,,,,,,,,,1,,,,,,,,,,,
45,,,,,"otwory na powierzchni, do³ki paznokciowe",talerz-placek,3c,,,,,,1,1,,,,,,,,,,,,,
45,,,,,do³ek paznokciowy,talerz-placek,3c,,,,,,,1,,,,,,,,,,,,,
45,,,,,otwór na powierzchni,talerz-placek,3c,,,,,,1,,,,,,,,,,,,,,
45,,,,,do³ki paznokciowe,talerz-placek,3c,,,,,,,1,,,,,,,,,,,,,
45,,,,,,talerz-placek,3c,,,,,,,,,,,,,,,,,,,,
45,,,,,do³ki paznokciowe,talerz-placek,3c,,,,,,,1,,,,,,,,,,,,,
45,,,,,,talerz-placek,3c,,,,,,,,,,,,,,,,,,,,
45,,,,,,talerz-placek,3c,,,,,,,,,,,,,,,,,,,,
45,,,,,,talerz-placek,3c,,,,,,,,,,,,,,,,,,,,
45,,,,,,talerz-placek,3c,,,,,,,,,,,,,,,,,,,,
45,,,,,,talerz-placek,3c,,,,,,,,,,,,,,,,,,,,
45,,,,,,talerz-placek,3c,,,,,,,,,,,,,,,,,,,,
45,,,,,otwór na powierzchni,talerz-placek,3c,,,,,,1,,,,,,,,,,,,,,
45,,,,,otwory na powierzchni,talerz-placek,3c,,,,,,1,,,,,,,,,,,,,,
45,,,,,otwór na powierzchni,talerz-placek,3c,,,,,,1,,,,,,,,,,,,,,
45,,,,,odcisk plecionki,talerz-placek,3c,,,,,1,,,,,,,,,,,,,,,
45,,,,,do³ki paznokciowe,talerz-placek,3c,,,,,,,1,,,,,,,,,,,,,
45,,,,,,talerz-placek,3c,,,,,,,,,,,,,,,,,,,,
45,,,,,odcisk plecionki,talerz-placek,3c,,,,,1,,,,,,,,,,,,,,,
45,,,,,do³ek paznokciowy,talerz-placek,3c,,,,,,,1,,,,,,,,,,,,,
45,,,,,,talerz-placek,3c,,,,,,,,,,,,,,,,,,,,
45,,,,,otwory na powierzchni z plastycznymi obwódkami,talerz-placek,3c,,,,,,1,,,,,,,,,,,,,,
45,,,,,,talerz-placek,3c,,,,,,,,,,,,,,,,,,,,
45,,,,,,talerz-placek,3c,,,,,,,,,,,,,,,,,,,,
45,,,,,,talerz-placek,3c,,,,,,,,,,,,,,,,,,,,
45,,,,,,talerz-placek,3c,,,,,,,,,,,,,,,,,,,,
45,,,,,,talerz-placek,3c,,,,,,,,,,,,,,,,,,,,
45,,,,,otwór na powierzchni,talerz-placek,3c,,,,,,1,,,,,,,,,,,,,,
45,,,,,,talerz-placek,3c,,,,,,,,,,,,,,,,,,,,
45,,,,,do³ek paznokciowy,talerz-placek,3c,,,,,,,1,,,,,,,,,,,,,
45,,,,,,talerz-placek,3c,,,,,,,,,,,,,,,,,,,,
45,,,,,,talerz-placek,3c,,,,,,,,,,,,,,,,,,,,
45,,,,,,talerz-placek,3c,,,,,,,,,,,,,,,,,,,,
45,,,,,do³ek paznokciowy,talerz-placek,3c,,,,,,,1,,,,,,,,,,,,,
45,,,,,do³ki paznokciowe,talerz-placek,3c,,,,,,,1,,,,,,,,,,,,,
45,,,,,do³ek paznokciowy,talerz-placek,3c,,,,,,,1,,,,,,,,,,,,,
45,,,,,,talerz-placek,3c,,,,,,,,,,,,,,,,,,,,
45,,,,,,talerz-placek,3c,,,,,,,,,,,,,,,,,,,,
45,,,,,,talerz-placek,3c,,,,,,,,,,,,,,,,,,,,
45,,,,,,talerz-placek,3c,,,,,,,,,,,,,,,,,,,,
45,,,,,,talerz-placek,3c,,,,,,,,,,,,,,,,,,,,
45,,,,,otwór na powierzchni,talerz-placek,3c,,,,,,1,,,,,,,,,,,,,,
45,,,,,,talerz-placek,3c,,,,,,,,,,,,,,,,,,,,
45,,,,,,talerz-placek,3c,,,,,,,,,,,,,,,,,,,,
45,,,,,,talerz-placek,3c,,,,,,,,,,,,,,,,,,,,
45,,,,,,talerz-placek,3c,,,,,,,,,,,,,,,,,,,,
45,,,,,,talerz-placek,3c,,,,,,,,,,,,,,,,,,,,
45,,,,,,talerz-placek,3c,,,,,,,,,,,,,,,,,,,,
45,,,,,,talerz-placek,3c,,,,,,,,,,,,,,,,,,,,
45,,,,,,talerz-placek,3c,,,,,,,,,,,,,,,,,,,,
45,,,,,,talerz-placek,3c,,,,,,,,,,,,,,,,,,,,
45,,,,,,talerz-placek,3c,,,,,,,,,,,,,,,,,,,,
45,,,,,,talerz-placek,3c,,,,,,,,,,,,,,,,,,,,
45,,,,,,talerz-placek,3c,,,,,,,,,,,,,,,,,,,,
45,,,,,,talerz-placek,3c,,,,,,,,,,,,,,,,,,,,
45,,,,,,talerz-placek,3c,,,,,,,,,,,,,,,,,,,,
45,,,,,,talerz-placek,3c,,,,,,,,,,,,,,,,,,,,
45,,,,,,talerz-placek,3c,,,,,,,,,,,,,,,,,,,,
45,,,,,,talerz-placek,3c,,,,,,,,,,,,,,,,,,,,
45,,,,,do³ek paznokciowy,talerz-placek,3c,,,,,,,1,,,,,,,,,,,,,
45,,,,,otwór na powierzchni,talerz-placek,3c,,,,,,1,,,,,,,,,,,,,,
45,,,,,do³ek paznokciowy,talerz-placek,3c,,,,,,,1,,,,,,,,,,,,,
45,,,,,otwór na powierzchni,talerz-placek,3c,,,,,,1,,,,,,,,,,,,,,
45,,,,,,talerz-placek,3c,,,,,,,,,,,,,,,,,,,,
45,,,,,,talerz-placek,3c,,,,,,,,,,,,,,,,,,,,
45,,,,,,talerz-placek,3c,,,,,,,,,,,,,,,,,,,,
45,,,,,,talerz-placek,3c,,,,,,,,,,,,,,,,,,,,
45,,,,,,talerz-placek,3c,,,,,,,,,,,,,,,,,,,,
45,,,,,,talerz-placek,3c,,,,,,,,,,,,,,,,,,,,
45,,,,,,talerz-placek,3c,,,,,,,,,,,,,,,,,,,,
45,,,,,,talerz-placek,3c,,,,,,,,,,,,,,,,,,,,
45,,,,,,talerz-placek,3c,,,,,,,,,,,,,,,,,,,,
,,,,,,,nan,,,,,,,,,,,,,,,,,,,,
49,,,,,,talerz-placek,3c,,,,,,,,,,,,,,,,,,,,
49,b,b,ch,k,otwory pod wylewem,,3b,,,,,,,,,1,,,,,,,,,,,
49,b,b,ch,k,,,3b,,,,,,,,,,,,,,,,,,,,
49,b,b,g,k,,,3a,,,,,,,,,,,,,,,,,,,,
49,b,b,ch,k,"otwory pod wylewem, do³ki paznokciowe",,3b,,,,,,,1,,1,,,,,,,,,,,
49,b,b,ch,k,,,3b,,,,,,,,,,,,,,,,,,,,
,,,,,,,nan,,,,,,,,,,,,,,,,,,,,
56,b,c,g,k,,,2a,,,,,,,,,,,,,,,,,,,,
56,b,b,g,k,otwory (pod wylewem?),,3a,,,,,,,,,1,,,,,,,,,,,
,,,,,,,nan,,,,,,,,,,,,,,,,,,,,
,,,,,,,nan,,,,,,,,,,,,,,,,,,,,
57,,,,,"otwór na powierzchni, odcisk plecionki",talerz-placek,3c,,,,,1,1,,,,,,,,,,,,,,
57,b,b,g,k,,fragm.dna,3a,,,,,,,,,,,,,,,,,,,,
57,b,b,ch,k,,,3b,,,,,,,,,,,,,,,,,,,,
57,,,,,,talerz-placek,3c,,,,,,,,,,,,,,,,,,,,
57,,,,,,talerz-placek,3c,,,,,,,,,,,,,,,,,,,,
57,,,,,,talerz-placek,3c,,,,,,,,,,,,,,,,,,,,
57,b,b,g,k,otwór pod wylewem,kraw.wylewu,3a,,,,,,,,,1,,,,,,,,,,,
,,,,,,,nan,,,,,,,,,,,,,,,,,,,,
60,,,,,"otwór na powierzchni, do³ki palcowe",talerz-placek,3c,,,,,,1,,,,1,,,,,,,,,,
60,,,,,,talerz-placek,3c,,,,,,,,,,,,,,,,,,,,
60,,,,,,talerz-placek,3c,,,,,,,,,,,,,,,,,,,,
60,,,,,"odcisk plecionki, otwór na powierzchni",talerz-placek,3c,,,,,1,1,,,,,,,,,,,,,,
60,,,,,"odcisk plecionki, otwór na powierzchni",talerz-placek,3c,,,,,1,1,,,,,,,,,,,,,,
60,b,c,ch,k,,,2b,,,,,,,,,,,,,,,,,,,,
60,b,c,ch,k,,,2b,,,,,,,,,,,,,,,,,,,,
60,,,,,do³ek paznokciowy,talerz-placek,3c,,,,,,,1,,,,,,,,,,,,,
60,b,c,ch,k,,,2b,,,,,,,,,,,,,,,,,,,,
60,,,,,do³ek paznokciowy,talerz-placek,3c,,,,,,,1,,,,,,,,,,,,,
60,,,,,"odcisk plecionki, otwór na powierzchni",talerz-placek,3c,,,,,1,1,,,,,,,,,,,,,,
60,b,c,ch,k,,,2b,,,,,,,,,,,,,,,,,,,,
60,b,c,ch,k,,,2b,,,,,,,,,,,,,,,,,,,,
60,,,,,do³ki paznokciowe,talerz-placek,3c,,,,,,,1,,,,,,,,,,,,,
60,b,b,ch,k,,,3b,,,,,,,,,,,,,,,,,,,,
60,b,b,g,k,,,3a,,,,,,,,,,,,,,,,,,,,
60,,,,,,talerz-placek,3c,,,,,,,,,,,,,,,,,,,,
60,,,,,"odcisk plecionki, otwór na powierzchni",talerz-placek,3c,,,,,1,1,,,,,,,,,,,,,,
60,b,c,ch,k,,,2b,,,,,,,,,,,,,,,,,,,,
60,b,b,g,k,,,3a,,,,,,,,,,,,,,,,,,,,
60,,,,,,talerz-placek,3c,,,,,,,,,,,,,,,,,,,,
60,,,,,,talerz-placek,3c,,,,,,,,,,,,,,,,,,,,
60,b,b,ch,k,,,3b,,,,,,,,,,,,,,,,,,,,
60,b,b,ch,k,,,3b,,,,,,,,,,,,,,,,,,,,
60,b,b,g,0/k,,,3a,,,,,,,,,,,,,,,,,,,,
60,b,b,ch,k,,,3b,,,,,,,,,,,,,,,,,,,,
60,b,b,ch,k,,,3b,,,,,,,,,,,,,,,,,,,,
60,b,b,ch,k,,,3b,,,,,,,,,,,,,,,,,,,,
60,,,,,,talerz-placek,3c,,,,,,,,,,,,,,,,,,,,
60,b,c,ch,k,,,2b,,,,,,,,,,,,,,,,,,,,
60,,,,,,talerz-placek,3c,,,,,,,,,,,,,,,,,,,,
60,,,,,,talerz-placek,3c,,,,,,,,,,,,,,,,,,,,
,,,,,,,nan,,,,,,,,,,,,,,,,,,,,
61,,,,,otwór na powierzchni,talerz-placek,3c,,,,,,1,,,,,,,,,,,,,,
61,b,b,ch,k,"otwory pod wylewem, do³ki paznokciowe",,3b,,,,,,,1,,,1,,,,,,,,,,
61,,,,,"otwór na powierzchni, odcisk plecionki",talerz-placek,3c,,,,,,,,,,,,,,,,,,,,
61,b,b,ch,k,,,3b,,,,,,,,,,,,,,,,,,,,
61,,,,,"otwór na powierzchni, do³ki paznokciowe",talerz-placek,3c,,,,,,1,1,,,,,,,,,,,,,
61,,,,,,talerz-placek,3c,,,,,,,,,,,,,,,,,,,,
61,b,b,ch,k,,,3b,,,,,,,,,,,,,,,,,,,,
61,b,b,ch,k,,,3b,,,,,,,,,,,,,,,,,,,,
61,,,,,,talerz-placek,3c,,,,,,,,,,,,,,,,,,,,
61,b,b,g,k,,,3a,,,,,,,,,,,,,,,,,,,,
61,b,b,g,k,fragm. el. plastycznego,,3a,,,,,,,,,,,,,,,1,,,,,
61,,,,,,talerz-placek,3c,,,,,,,,,,,,,,,,,,,,
61,b,b,ch,k,,,3b,,,,,,,,,,,,,,,,,,,,
61,b,b,g,0,,,3a,,,,,,,,,,,,,,,,,,,,
61,b,b,ch,k,,,3b,,,,,,,,,,,,,,,,,,,,
61,b,b,g,k,,,3a,,,,,,,,,,,,,,,,,,,,
61,b,b,ch,k,,,3b,,,,,,,,,,,,,,,,,,,,
61,b,b,ch,k,,,3b,,,,,,,,,,,,,,,,,,,,
61,,,,,otwór na powierzchni,talerz-placek,3c,,,,,,1,,,,,,,,,,,,,,
61,,,,,,talerz-placek,3c,,,,,,,,,,,,,,,,,,,,
61,b,b,g,k,,,3a,,,,,,,,,,,,,,,,,,,,
61,b,b,g,0,,,3a,,,,,,,,,,,,,,,,,,,,
61,,,,,,talerz-placek,3c,,,,,,,,,,,,,,,,,,,,
61,b,b,ch,k,,,3b,,,,,,,,,,,,,,,,,,,,
61,b,b,g,0,,ucho taœmowate,3a,,,,,,,,,,,,,,,,,,,,
61,b,b,ch,k,,,3b,,,,,,,,,,,,,,,,,,,,
61,b,b,ch,k,,,3b,,,,,,,,,,,,,,,,,,,,
61,b,b,ch,k,,,3b,,,,,,,,,,,,,,,,,,,,
61,b,b,ch,k,,,3b,,,,,,,,,,,,,,,,,,,,
61,b,b,g,0,,ucho taœmowate,3a,,,,,,,,,,,,,,,,,,,,
61,b,b,ch,k,,,3b,,,,,,,,,,,,,,,,,,,,
61,b,b,ch,k,,,3b,,,,,,,,,,,,,,,,,,,,
61,b,b,ch,k,,,3b,,,,,,,,,,,,,,,,,,,,
61,b,b,g,k,,,3a,,,,,,,,,,,,,,,,,,,,
61,b,b,g,0,,,3a,,,,,,,,,,,,,,,,,,,,
61,b,b,ch,k,,,3b,,,,,,,,,,,,,,,,,,,,
61,b,b,ch,k,,,3b,,,,,,,,,,,,,,,,,,,,
61,b,b,g,0,,,3a,,,,,,,,,,,,,,,,,,,,
61,b,b,ch,k,,,3b,,,,,,,,,,,,,,,,,,,,
61,b,b,ch,k,otwór pod wylewem,,3b,,,,,,,,,1,,,,,,,,,,,
61,,,,,odcisk plecionki,talerz-placek,3c,,,,,1,,,,,,,,,,,,,,,
61,b,b,g,0,,,3a,,,,,,,,,,,,,,,,,,,,
61,b,b,g,0,,,3a,,,,,,,,,,,,,,,,,,,,
61,b,b,ch,k,,,3b,,,,,,,,,,,,,,,,,,,,
61,b,b,g,k,,,3a,,,,,,,,,,,,,,,,,,,,
61,b,b,ch,k,,,3b,,,,,,,,,,,,,,,,,,,,
61,b,b,ch,k,do³ek paznokciowy,,3b,,,,,,,1,,,,,,,,,,,,,
61,b,b,ch,k,,,3b,,,,,,,,,,,,,,,,,,,,
61,b,b,ch,k,,,3b,,,,,,,,,,,,,,,,,,,,
61,,,,,,talerz-placek,3c,,,,,,,,,,,,,,,,,,,,
61,b,b,ch,k,do³ek paznokciowy,,3b,,,,,,,1,,,,,,,,,,,,,
61,b,b,g,k,,ucho taœmowate,3a,,,,,,,,,,,,,,,,,,,,
61,b,b,ch,k,,,3b,,,,,,,,,,,,,,,,,,,,
61,b,b,g,k,,,3a,,,,,,,,,,,,,,,,,,,,
61,b,b,ch,k,,,3b,,,,,,,,,,,,,,,,,,,,
61,b,b,ch,k,,,3b,,,,,,,,,,,,,,,,,,,,
61,b,b,ch,k,,,3b,,,,,,,,,,,,,,,,,,,,
61,b,b,g,k,otwór pod wylewem,,3a,,,,,,,,,1,,,,,,,,,,,
61,b,b,ch,k,,,3b,,,,,,,,,,,,,,,,,,,,
61,b,b,g,k,,ucho taœmowate,3a,,,,,,,,,,,,,,,,,,,,
61,b,b,ch,k,,,3b,,,,,,,,,,,,,,,,,,,,
61,b,b,ch,k,,,3b,,,,,,,,,,,,,,,,,,,,
61,b,b,ch,k,,,3b,,,,,,,,,,,,,,,,,,,,
61,b,b,ch,k,,,3b,,,,,,,,,,,,,,,,,,,,
61,b,b,ch,k,guz plastyczny z wg³êbieniem,,3b,1,,,,,,,,,,,,,,,,,,,
61,b,b,ch,k,,,3b,,,,,,,,,,,,,,,,,,,,
61,,,,,,talerz-placek,3c,,,,,,,,,,,,,,,,,,,,
61,b,b,ch,k,guz plastyczny z wg³êbieniem,,3b,1,,,,,,,,,,,,,,,,,,,
61,b,b,ch,k,,,3b,,,,,,,,,,,,,,,,,,,,
61,b,b,g,k,,,3a,,,,,,,,,,,,,,,,,,,,
61,b,b,ch,k,do³ki paznokciowe,,3b,,,,,,,1,,,,,,,,,,,,,
61,b,b,ch,k,,,3b,,,,,,,,,,,,,,,,,,,,
61,b,b,ch,k,,,3b,,,,,,,,,,,,,,,,,,,,
61,,,,,odcisk plecionki,talerz-placek,3c,,,,,1,,,,,,,,,,,,,,,
61,b,b,ch,k,guz plastyczny z wg³êbieniem,,3b,1,,,,,,,,,,,,,,,,,,,
61,b,b,ch,k,,,3b,,,,,,,,,,,,,,,,,,,,
61,b,b,ch,k,,,3b,,,,,,,,,,,,,,,,,,,,
61,b,b,ch,k,,,3b,,,,,,,,,,,,,,,,,,,,
61,b,b,ch,k,,,3b,,,,,,,,,,,,,,,,,,,,
61,b,b,ch,k,,,3b,,,,,,,,,,,,,,,,,,,,
61,b,b,ch,k,,,3b,,,,,,,,,,,,,,,,,,,,
61,b,b,ch,k,,,3b,,,,,,,,,,,,,,,,,,,,
61,,,,,do³ki paznokciowe,talerz-placek,3c,,,,,,,1,,,,,,,,,,,,,
61,b,b,ch,k,do³ek paznokciowy,,3b,,,,,,,1,,,,,,,,,,,,,
61,b,b,ch,k,,,3b,,,,,,,,,,,,,,,,,,,,
61,b,b,ch,k,,,3b,,,,,,,,,,,,,,,,,,,,
61,b,b,ch,k,,,3b,,,,,,,,,,,,,,,,,,,,
61,b,b,ch,k,,,3b,,,,,,,,,,,,,,,,,,,,
61,b,b,ch,k,,,3b,,,,,,,,,,,,,,,,,,,,
61,b,b,ch,k,,,3b,,,,,,,,,,,,,,,,,,,,
61,b,b,ch,k,,,3b,,,,,,,,,,,,,,,,,,,,
61,b,b,ch,k,,,3b,,,,,,,,,,,,,,,,,,,,
61,b,b,ch,k,,,3b,,,,,,,,,,,,,,,,,,,,
61,b,b,ch,k,,,3b,,,,,,,,,,,,,,,,,,,,
61,b,b,ch,k,,,3b,,,,,,,,,,,,,,,,,,,,
61,b,b,ch,k,,,3b,,,,,,,,,,,,,,,,,,,,
61,b,b,ch,k,,,3b,,,,,,,,,,,,,,,,,,,,
61,b,b,ch,k,,,3b,,,,,,,,,,,,,,,,,,,,
61,b,b,ch,k,,,3b,,,,,,,,,,,,,,,,,,,,
61,b,b,ch,k,,,3b,,,,,,,,,,,,,,,,,,,,
61,b,b,ch,k,,,3b,,,,,,,,,,,,,,,,,,,,
61,,,,,,talerz-placek,3c,,,,,,,,,,,,,,,,,,,,
61,b,b,ch,k,do³ek paznokciowy,,3b,,,,,,,1,,,,,,,,,,,,,
61,b,b,ch,k,,,3b,,,,,,,,,,,,,,,,,,,,
61,b,b,ch,k,,,3b,,,,,,,,,,,,,,,,,,,,
61,b,b,ch,k,,,3b,,,,,,,,,,,,,,,,,,,,
61,b,b,ch,k,,,3b,,,,,,,,,,,,,,,,,,,,
61,b,b,ch,k,,,3b,,,,,,,,,,,,,,,,,,,,
61,b,b,ch,k,,,3b,,,,,,,,,,,,,,,,,,,,
61,b,b,ch,k,,,3b,,,,,,,,,,,,,,,,,,,,
61,b,b,ch,k,,,3b,,,,,,,,,,,,,,,,,,,,
61,b,b,ch,k,,,3b,,,,,,,,,,,,,,,,,,,,
61,b,b,ch,k,,,3b,,,,,,,,,,,,,,,,,,,,
61,b,b,ch,k,,,3b,,,,,,,,,,,,,,,,,,,,
61,b,b,ch,k,,,3b,,,,,,,,,,,,,,,,,,,,
61,b,b,ch,k,,,3b,,,,,,,,,,,,,,,,,,,,
61,b,b,ch,k,,,3b,,,,,,,,,,,,,,,,,,,,
61,b,b,ch,k,,,3b,,,,,,,,,,,,,,,,,,,,
61,b,b,ch,k,,,3b,,,,,,,,,,,,,,,,,,,,
61,b,b,ch,k,,,3b,,,,,,,,,,,,,,,,,,,,
61,b,b,ch,k,,,3b,,,,,,,,,,,,,,,,,,,,
61,b,b,ch,k,,,3b,,,,,,,,,,,,,,,,,,,,
61,,,,,,talerz-placek,3c,,,,,,,,,,,,,,,,,,,,
61,b,b,ch,k,,,3b,,,,,,,,,,,,,,,,,,,,
61,,,,,,talerz-placek,3c,,,,,,,,,,,,,,,,,,,,
61,b,b,ch,k,,,3b,,,,,,,,,,,,,,,,,,,,
61,b,b,ch,k,,,3b,,,,,,,,,,,,,,,,,,,,
61,b,b,ch,k,,,3b,,,,,,,,,,,,,,,,,,,,
61,b,b,ch,k,,,3b,,,,,,,,,,,,,,,,,,,,
61,b,b,ch,k,,,3b,,,,,,,,,,,,,,,,,,,,
61,b,b,ch,k,,,3b,,,,,,,,,,,,,,,,,,,,
61,b,b,ch,k,,,3b,,,,,,,,,,,,,,,,,,,,
61,,,,,otwór na powierzchni,talerz-placek,3c,,,,,,1,,,,,,,,,,,,,,
61,b,b,ch,k,,,3b,,,,,,,,,,,,,,,,,,,,
61,b,b,ch,k,,,3b,,,,,,,,,,,,,,,,,,,,
61,b,b,ch,k,,,3b,,,,,,,,,,,,,,,,,,,,
61,b,b,ch,k,,,3b,,,,,,,,,,,,,,,,,,,,
61,b,b,ch,k,,,3b,,,,,,,,,,,,,,,,,,,,
,,,,,,,nan,,,,,,,,,,,,,,,,,,,,
62,b,b,ch,k,do³ki paznokciowe,,3b,,,,,,,1,,,,,,,,,,,,,
62,,,,,,talerz-placek,3c,,,,,,,,,,,,,,,,,,,,
62,b,b,ch,k,,,3b,,,,,,,,,,,,,,,,,,,,
62,,,,,,talerz-placek,3c,,,,,,,,,,,,,,,,,,,,
62,b,b,ch,k,,,3b,,,,,,,,,,,,,,,,,,,,
62,b,b,g,0,,,3a,,,,,,,,,,,,,,,,,,,,
,,,,,,,nan,,,,,,,,,,,,,,,,,,,,
64,,,,,,talerz-placek,3c,,,,,,,,,,,,,,,,,,,,
64,b,b,ch,k,,,3b,,,,,,,,,,,,,,,,,,,,
64,,,,,otwór na powierzchni,talerz-placek,3c,,,,,,1,,,,,,,,,,,,,,
64,b,c,g,0/k,,,2a,,,,,,,,,,,,,,,,,,,,
64,b,b,ch,k,guz plastyczny z wg³êbieniem,,3b,1,,,,,,,,,,,,,,,,,,,
64,b,c,g,k,,,2a,,,,,,,,,,,,,,,,,,,,
64,,,,,otwory na powierzchni,talerz-placek,3c,,,,,,1,,,,,,,,,,,,,,
64,,,,,,talerz-placek,3c,,,,,,,,,,,,,,,,,,,,
64,b,c,g,0/k,,,2a,,,,,,,,,,,,,,,,,,,,
64,,,,,otwory na powierzchni,talerz-placek,3c,,,,,,1,,,,,,,,,,,,,,
64,b,b,ch,k,otwór pod wylewem,,3b,,,,,,,,,1,,,,,,,,,,,
64,b,b,ch,k,,,3b,,,,,,,,,,,,,,,,,,,,
64,b,b,ch,k,do³ki paznokciowe,,3b,,,,,,,1,,,,,,,,,,,,,
64,b,b,ch,k,otwór pod wylewem,wylew,3b,,,,,,,,,1,,,,,,,,,,,
64,,,,,otwór na powierzchni,talerz-placek,3c,,,,,,1,,,,,,,,,,,,,,
64,b,b,ch,k,,,3b,,,,,,,,,,,,,,,,,,,,
64,b,b,g,0/k,,,3a,,,,,,,,,,,,,,,,,,,,
64,b,b,ch,k,,,3b,,,,,,,,,,,,,,,,,,,,
64,b,c,g,0/k,fragm.el.plastycznego,,2a,,,,,,,,,,,,,,,1,,,,,
64,b,b,g,0,,,3a,,,,,,,,,,,,,,,,,,,,
64,,,,,,talerz-placek,3c,,,,,,,,,,,,,,,,,,,,
64,,,,,,talerz-placek,3c,,,,,,,,,,,,,,,,,,,,
64,,,,,,talerz-placek,3c,,,,,,,,,,,,,,,,,,,,
64,b,b,ch,k,,,3b,,,,,,,,,,,,,,,,,,,,
64,b,b,ch,k,,,3b,,,,,,,,,,,,,,,,,,,,
64,b,b,g,0/k,,,3a,,,,,,,,,,,,,,,,,,,,
64,b,b,ch,k,,,3b,,,,,,,,,,,,,,,,,,,,
,,,,,,,nan,,,,,,,,,,,,,,,,,,,,
65,,,,,"do³ek paznokciowy, otwory na powierzchni",talerz-placek,3c,,,,,,1,1,,,,,,,,,,,,,
65,,,,,otwory na powierzchni,talerz-placek,3c,,,,,,1,,,,,,,,,,,,,,
65,,,,,"otwory na powierzchni, odciski plecionki",talerz-placek,3c,,,,,1,1,,,,,,,,,,,,,,
65,b,c,ch,k,"listwa plastyczna z do³kami paznokciowymi (karbowana?), guzek plastyczny poni¿ej wylewu",,2b,,,1,,,,,,,,,1,,,,,,,,
65,b,b,ch,k,,,3b,,,,,,,,,,,,,,,,,,,,
65,,,,,"do³ki paznokciowe, otwór na powierzchni",talerz-placek,3c,,,,,,1,1,,,,,,,,,,,,,
65,b,b,ch,k,do³ek paznokciowy,,3b,,,,,,,1,,,,,,,,,,,,,
65,b,c,ch,k,listwa plastyczna z do³kami paznokciowymi (karbowana?),,2b,,,,,,,,,,,,1,,,,,,,,
65,b,c,g,k,,dno,2a,,,,,,,,,,,,,,,,,,,,
65,b,b,ch,k,,,3b,,,,,,,,,,,,,,,,,,,,
65,b,b,ch,k,,,3b,,,,,,,,,,,,,,,,,,,,
65,,,,,odcisk plecionki,talerz-placek,3c,,,,,1,,,,,,,,,,,,,,,
65,,,,,do³ek paznokciowy,talerz-placek,3c,,,,,,,1,,,,,,,,,,,,,
65,b,c,g,k,,,2a,,,,,,,,,,,,,,,,,,,,
65,b,b,ch,k,,,3b,,,,,,,,,,,,,,,,,,,,
65,b,b,ch,k,,,3b,,,,,,,,,,,,,,,,,,,,
65,,,,,,talerz-placek,3c,,,,,,,,,,,,,,,,,,,,
65,,,,,"rz¹d do³ków paznokciowych, otwory na powierzchni",,nan,,,,,,1,1,,,,,,,,,,,,,
65,b,b,ch,k,,,3b,,,,,,,,,,,,,,,,,,,,
65,,,,,odcisk plecionki,talerz-placek,3c,,,,,1,,,,,,,,,,,,,,,
65,,,,,,talerz-placek,3c,,,,,,,,,,,,,,,,,,,,
65,b,b,ch,k,,,3b,,,,,,,,,,,,,,,,,,,,
65,b,b,ch,k,,,3b,,,,,,,,,,,,,,,,,,,,
65,b,b,ch,k,,,3b,,,,,,,,,,,,,,,,,,,,
65,b,b,g,k,,dno,3a,,,,,,,,,,,,,,,,,,,,
65,b,b,ch,k,,,3b,,,,,,,,,,,,,,,,,,,,
65,b,c,ch,k,,,2b,,,,,,,,,,,,,,,,,,,,
65,b,b,ch,k,,,3b,,,,,,,,,,,,,,,,,,,,
65,b,b,g,"k, s?",,,3a,,,,,,,,,,,,,,,,,,,,
65,b,b,g,0,,,3a,,,,,,,,,,,,,,,,,,,,
65,,,,,,talerz-placek,3c,,,,,,,,,,,,,,,,,,,,
65,b,b,g,k,,,3a,,,,,,,,,,,,,,,,,,,,
65,b,c,ch,k,,,2b,,,,,,,,,,,,,,,,,,,,
65,b,b,g,k,,,3a,,,,,,,,,,,,,,,,,,,,
65,b,b,g,k,,dno,3a,,,,,,,,,,,,,,,,,,,,
65,b,b,ch,k,,,3b,,,,,,,,,,,,,,,,,,,,
65,b,b,ch,k,,,3b,,,,,,,,,,,,,,,,,,,,
65,b,b,ch,k,,,3b,,,,,,,,,,,,,,,,,,,,
65,b,b,g,k,,,3a,,,,,,,,,,,,,,,,,,,,
65,b,b,ch,k,,,3b,,,,,,,,,,,,,,,,,,,,
,,,,,,,nan,,,,,,,,,,,,,,,,,,,,
66,,,,,,talerz-placek,3c,,,,,,,,,,,,,,,,,,,,
66,,,,,odcisk plecionki,talerz-placek,3c,,,,,1,,,,,,,,,,,,,,,
66,,,,,"odcisk plecionki, otwory na powierzchni z plastycznymi obwódkami",talerz-placek,3c,,,,,,1,,,,,,,,,,,,,,
66,,,,,,talerz-placek,3c,,,,,,,,,,,,,,,,,,,,
66,,,,,,talerz-placek,3c,,,,,,,,,,,,,,,,,,,,
66,,,,,otwory na powierzchni z plastycznymi obwódkami,talerz-placek,3c,,,,,,1,,,,,,,,,,,,,,
66,,,,,"otwory na powierzchni z plastycznymi obwódkami, odcisk plecionki",talerz-placek,3c,,,,,1,1,,,,,,,,,,,,,,
66,,,,,otwory na powierzchni z plastycznymi obwódkami,talerz-placek,3c,,,,,,1,,,,,,,,,,,,,,
66,,,,,,talerz-placek,3c,,,,,,,,,,,,,,,,,,,,
66,,,,,otwory na powierzchni,talerz-placek,3c,,,,,,1,,,,,,,,,,,,,,
66,,,,,otwory na powierzchni,talerz-placek,3c,,,,,,1,,,,,,,,,,,,,,
66,,,,,"odcisk plecionki, otwór na powierzchni",talerz-placek,3c,,,,,1,1,,,,,,,,,,,,,,
66,,,,,odcisk plecionki,talerz-placek,3c,,,,,1,,,,,,,,,,,,,,,
66,,,,,,talerz-placek,3c,,,,,,,,,,,,,,,,,,,,
66,b,c,g,k,,,2a,,,,,,,,,,,,,,,,,,,,
66,,,,,,talerz-placek,3c,,,,,,,,,,,,,,,,,,,,
66,,,,,,talerz-placek,3c,,,,,,,,,,,,,,,,,,,,
66,,,,,odcisk plecionki,talerz-placek,3c,,,,,1,,,,,,,,,,,,,,,
66,,,,,otwór na powierzchni,talerz-placek,3c,,,,,,1,,,,,,,,,,,,,,
66,,,,,,talerz-placek,3c,,,,,,,,,,,,,,,,,,,,
66,,,,,,talerz-placek,3c,,,,,,,,,,,,,,,,,,,,
66,b,b,ch,k,,,3b,,,,,,,,,,,,,,,,,,,,
66,b,b,ch,k,,,3b,,,,,,,,,,,,,,,,,,,,
66,b,b,ch,k,,,3b,,,,,,,,,,,,,,,,,,,,
66,b,b,ch,k,,,3b,,,,,,,,,,,,,,,,,,,,
66,b,b,g,0,,,3a,,,,,,,,,,,,,,,,,,,,
66,b,b,ch,k,,,3b,,,,,,,,,,,,,,,,,,,,
66,b,b,ch,k,,,3b,,,,,,,,,,,,,,,,,,,,
66,b,b,ch,k,guz plastyczny z do³kiem palcowym,,3b,1,,,,,,,,,1,,,,,,,,,,
66,b,b,ch,k,,,3b,,,,,,,,,,,,,,,,,,,,
66,b,b,ch,k,,,3b,,,,,,,,,,,,,,,,,,,,
66,b,b,ch,k,,,3b,,,,,,,,,,,,,,,,,,,,
66,b,b,ch,k,,,3b,,,,,,,,,,,,,,,,,,,,
66,b,b,ch,k,,,3b,,,,,,,,,,,,,,,,,,,,
66,b,b,ch,k,,,3b,,,,,,,,,,,,,,,,,,,,
66,b,b,ch,k,,,3b,,,,,,,,,,,,,,,,,,,,
66,b,b,ch,k,,,3b,,,,,,,,,,,,,,,,,,,,
66,b,b,ch,k,"do³ki paznokciowe, otwór pod wylewem",,3b,,,,,,,1,,1,,,,,,,,,,,
66,b,b,ch,k,,,3b,,,,,,,,,,,,,,,,,,,,
66,b,b,ch,k,,,3b,,,,,,,,,,,,,,,,,,,,
66,b,b,ch,k,,,3b,,,,,,,,,,,,,,,,,,,,
66,b,b,ch,k,,,3b,,,,,,,,,,,,,,,,,,,,
66,b,b,ch,k,,,3b,,,,,,,,,,,,,,,,,,,,
66,b,b,ch,k,,,3b,,,,,,,,,,,,,,,,,,,,
66,b,b,ch,k,do³ki paznokciowe,,3b,,,,,,,1,,,,,,,,,,,,,
66,b,b,ch,k,,,3b,,,,,,,,,,,,,,,,,,,,
66,b,b,ch,k,,,3b,,,,,,,,,,,,,,,,,,,,
66,b,b,ch,k,otwór na powierzchni,,3b,,,,,,1,,,,,,,,,,,,,,
66,b,b,ch,k,,,3b,,,,,,,,,,,,,,,,,,,,
66,b,b,ch,k,do³ek paznokciowy,,3b,,,,,,,1,,,,,,,,,,,,,
66,b,b,ch,k,,,3b,,,,,,,,,,,,,,,,,,,,
66,b,b,g,0,,,3a,,,,,,,,,,,,,,,,,,,,
66,b,b,ch,k,,,3b,,,,,,,,,,,,,,,,,,,,
66,b,b,ch,k,,,3b,,,,,,,,,,,,,,,,,,,,
66,b,b,ch,k,,,3b,,,,,,,,,,,,,,,,,,,,
66,b,b,ch,k,,,3b,,,,,,,,,,,,,,,,,,,,
66,b,b,ch,k,,,3b,,,,,,,,,,,,,,,,,,,,
66,b,b,ch,k,,,3b,,,,,,,,,,,,,,,,,,,,
66,b,b,ch,k,,,3b,,,,,,,,,,,,,,,,,,,,
66,b,b,g,k,,,3a,,,,,,,,,,,,,,,,,,,,
66,b,b,ch,k,,,3b,,,,,,,,,,,,,,,,,,,,
66,b,b,ch,k,,,3b,,,,,,,,,,,,,,,,,,,,
66,b,b,ch,k,,,3b,,,,,,,,,,,,,,,,,,,,
66,b,b,ch,k,,,3b,,,,,,,,,,,,,,,,,,,,
66,b,b,ch,k,,,3b,,,,,,,,,,,,,,,,,,,,
,,,,,,,nan,,,,,,,,,,,,,,,,,,,,
68,,,,,,talerz-placek,3c,,,,,,,,,,,,,,,,,,,,
68,b,c,g,0/k,,,2a,,,,,,,,,,,,,,,,,,,,
68,,,,,,talerz-placek,3c,,,,,,,,,,,,,,,,,,,,
68,b,b,g,k,,,3a,,,,,,,,,,,,,,,,,,,,
68,,,,,,talerz-placek,3c,,,,,,,,,,,,,,,,,,,,
68,b,c,g,k,,,2a,,,,,,,,,,,,,,,,,,,,
68,b,c,ch,k,,,2b,,,,,,,,,,,,,,,,,,,,
68,,,,,,talerz-placek,3c,,,,,,,,,,,,,,,,,,,,
68,b,b,g,k,,,3a,,,,,,,,,,,,,,,,,,,,
68,,,,,do³ki paznokciowe,talerz-placek,3c,,,,,,,1,,,,,,,,,,,,,
68,,,,,,talerz-placek,3c,,,,,,,,,,,,,,,,,,,,
68,,,,,,talerz-placek,3c,,,,,,,,,,,,,,,,,,,,
68,,,,,,talerz-placek,3c,,,,,,,,,,,,,,,,,,,,
68,,,,,,talerz-placek,3c,,,,,,,,,,,,,,,,,,,,
68,b,b,g,0/k,otwory pod wylewem,,3a,,,,,,,,,1,,,,,,,,,,,
68,b,b,g,k,,dno,3a,,,,,,,,,,,,,,,,,,,,
68,b,b,g,0/k,,,3a,,,,,,,,,,,,,,,,,,,,
68,b,b,ch,k,,,3b,,,,,,,,,,,,,,,,,,,,
68,c,b,g,k,,,1,,,,,,,,,,,,,,,,,,,,
68,b,b,ch,k,,,3b,,,,,,,,,,,,,,,,,,,,
68,b,b,ch,k,,,3b,,,,,,,,,,,,,,,,,,,,
68,,,,,,talerz-placek,3c,,,,,,,,,,,,,,,,,,,,
68,,,,,,talerz-placek,3c,,,,,,,,,,,,,,,,,,,,
68,,,,,otwór na powierzchni,talerz-placek,3c,,,,,,1,,,,,,,,,,,,,,
68,,,,,,talerz-placek,3c,,,,,,,,,,,,,,,,,,,,
68,b,c,g,0/k,,,2a,,,,,,,,,,,,,,,,,,,,
68,,,,,,talerz-placek,3c,,,,,,,,,,,,,,,,,,,,
68,b,b,ch,k,,,3b,,,,,,,,,,,,,,,,,,,,
68,,,,,,talerz-placek,3c,,,,,,,,,,,,,,,,,,,,
68,c,b,g,0,,,1,,,,,,,,,,,,,,,,,,,,
68,,,,,"do³ki paznokciowe, otwór na powierzchni",talerz-placek,3c,,,,,,1,1,,,,,,,,,,,,,
68,,,,,,talerz-placek,3c,,,,,,,,,,,,,,,,,,,,
68,,,,,,talerz-placek,3c,,,,,,,,,,,,,,,,,,,,
68,b,c,g,0,,,2a,,,,,,,,,,,,,,,,,,,,
68,,,,,otwór na powierzchni,talerz-placek,3c,,,,,,1,,,,,,,,,,,,,,
68,,,,,,talerz-placek,3c,,,,,,,,,,,,,,,,,,,,
68,,,,,,talerz-placek,3c,,,,,,,,,,,,,,,,,,,,
68,,,,,,talerz-placek,3c,,,,,,,,,,,,,,,,,,,,
68,,,,,,talerz-placek,3c,,,,,,,,,,,,,,,,,,,,
68,,,,,,talerz-placek,3c,,,,,,,,,,,,,,,,,,,,
,,,,,,,nan,,,,,,,,,,,,,,,,,,,,
69,b,b,ch,k,,,3b,,,,,,,,,,,,,,,,,,,,
69,b,b,g,0/k,,,3a,,,,,,,,,,,,,,,,,,,,
69,b,b,g,0/k,,,3a,,,,,,,,,,,,,,,,,,,,
69,,,,,odciski paznokciowe,talerz-placek,3c,,,,,,,1,,,,,,,,,,,,,
69,,,,,,talerz-placek,3c,,,,,,,,,,,,,,,,,,,,
69,b,b,g,0,ucho,,3a,,,,,,,,,,,,,,1,,,,,,
69,b,b,ch,k,,,3b,,,,,,,,,,,,,,,,,,,,
69,,,,,,talerz-placek,3c,,,,,,,,,,,,,,,,,,,,
69,,,,,,talerz-placek,3c,,,,,,,,,,,,,,,,,,,,
69,,,,,,talerz-placek,3c,,,,,,,,,,,,,,,,,,,,
69,,,,,,talerz-placek,3c,,,,,,,,,,,,,,,,,,,,
69,b,b,g,k,,zachowane dobrze naczynie z widocznym zaciemnieniem w srodku - do zdjêcia!,3a,,,,,,,,,,,,,,,,,,,,
69,,,,,,talerz-placek,3c,,,,,,,,,,,,,,,,,,,,
69,b,b,g,k,,,3a,,,,,,,,,,,,,,,,,,,,
69,,,,,,talerz-placek,3c,,,,,,,,,,,,,,,,,,,,
69,b,b,ch,k,do³ki paznokciowe,,3b,,,,,,,1,,,,,,,,,,,,,
69,,,,,,talerz-placek,3c,,,,,,,,,,,,,,,,,,,,
69,b,b,g,k,"do³ki paznokciowe, otwory pod wylewem",,3a,,,,,,,1,,1,,,,,,,,,,,
69,,,,,,talerz-placek,3c,,,,,,,,,,,,,,,,,,,,
69,b,b,ch,k,,,3b,,,,,,,,,,,,,,,,,,,,
69,,,,,otwór na powierzchni,talerz-placek,3c,,,,,,1,,,,,,,,,,,,,,
69,,,,,,talerz-placek,3c,,,,,,,,,,,,,,,,,,,,
69,b,b,g,k,,,3a,,,,,,,,,,,,,,,,,,,,
69,b,b,g,0,,,3a,,,,,,,,,,,,,,,,,,,,
69,b,b,g,k,,,3a,,,,,,,,,,,,,,,,,,,,
69,b,c,g,k,fragm. guzka plastycznego,,2a,,,1,,,,,,,,,,,,,,,,,
69,b,b,g,0,,,3a,,,,,,,,,,,,,,,,,,,,
69,,,,,,talerz-placek,3c,,,,,,,,,,,,,,,,,,,,
69,b,b,g,k,otwór pod wylewem,,3a,,,,,,,,,1,,,,,,,,,,,
69,b,b,ch,k,,,3b,,,,,,,,,,,,,,,,,,,,
69,,,,,odciski palcowe,talerz-placek,3c,,,,,,,,,,1,,,,,,,,,,
69,b,b,g,0/k,otwór na powierzchni,,3a,,,,,,1,,,,,,,,,,,,,,
69,b,b,ch,k,,,3b,,,,,,,,,,,,,,,,,,,,
69,b,b,g,0,,,3a,,,,,,,,,,,,,,,,,,,,
69,,,,,,talerz-placek,3c,,,,,,,,,,,,,,,,,,,,
69,b,b,ch,k,,,3b,,,,,,,,,,,,,,,,,,,,
69,b,b,ch,k,,,3b,,,,,,,,,,,,,,,,,,,,
69,,,,,odcisk plecionki,talerz-placek,3c,,,,,1,,,,,,,,,,,,,,,
69,b,b,g,0/k,,,3a,,,,,,,,,,,,,,,,,,,,
69,b,b,ch,k,,,3b,,,,,,,,,,,,,,,,,,,,
,,,,,,,nan,,,,,,,,,,,,,,,,,,,,
47,b,b,g,k,,t³uczeñ kamienny widoczny na powierzchni - zdjêcie!,3a,,,,,,,,,,,,,,,,,,,,
47,b,b,g,k,,"jedno naczynie, na dodatek klejone - zdjêcia!",3a,,,,,,,,,,,,,,,,,,,,
47,b,b,g,k,,,3a,,,,,,,,,,,,,,,,,,,,
47,b,b,g,k,"pdwójne, przek³uwane ucho",,3a,,,,,,,,,,,,,,1,,,,,,
47,b,b,g,k,,dno,3a,,,,,,,,,,,,,,,,,,,,
47,b,b,g,k,,,3a,,,,,,,,,,,,,,,,,,,,
47,b,b,g,k,,,3a,,,,,,,,,,,,,,,,,,,,
47,b,b,g,k,,,3a,,,,,,,,,,,,,,,,,,,,
47,b,b,g,k,,,3a,,,,,,,,,,,,,,,,,,,,
47,b,b,g,k,,wylew,3a,,,,,,,,,,,,,,,,,,,,
47,b,b,g,k,,,3a,,,,,,,,,,,,,,,,,,,,
47,,,,,odcisk plecionki,talerz-placek,3c,,,,,1,,,,,,,,,,,,,,,
47,b,b,g,k,,,3a,,,,,,,,,,,,,,,,,,,,
47,b,b,g,k,,,3a,,,,,,,,,,,,,,,,,,,,
47,b,b,g,k,,,3a,,,,,,,,,,,,,,,,,,,,
47,b,b,g,k,,,3a,,,,,,,,,,,,,,,,,,,,
47,b,b,g,k,,,3a,,,,,,,,,,,,,,,,,,,,
47,b,b,g,k,,,3a,,,,,,,,,,,,,,,,,,,,
47,b,b,g,k,,,3a,,,,,,,,,,,,,,,,,,,,
47,b,b,g,k,,wylew,3a,,,,,,,,,,,,,,,,,,,,
,,,,,,,nan,,,,,,,,,,,,,,,,,,,,
46/47?,b,b,g,0,otwory pod wylewem,wylew,3a,,,,,,,,,1,,,,,,,,,,,
46/47?,b,b,g,k,,,3a,,,,,,,,,,,,,,,,,,,,
46/47?,,,,,,talerz-placek,3c,,,,,,,,,,,,,,,,,,,,
46/47?,b,b,g,k,,dno,3a,,,,,,,,,,,,,,,,,,,,
46/47?,,,,,do³ki paznokciowe,talerz-placek,3c,,,,,,,1,,,,,,,,,,,,,
,,,,,,,nan,,,,,,,,,,,,,,,,,,,,
46/47?,,,,,,talerz-placek,3c,,,,,,,,,,,,,,,,,,,,
46/47?,,,,,,talerz-placek,3c,,,,,,,,,,,,,,,,,,,,
46/47?,,,,,,talerz-placek,3c,,,,,,,,,,,,,,,,,,,,
46/47?,,,,,,talerz-placek,3c,,,,,,,,,,,,,,,,,,,,
46/47?,,,,,do³ki paznokciowe,talerz-placek,3c,,,,,,,1,,,,,,,,,,,,,
46/47?,,,,,do³ki paznokciowe,talerz-placek,3c,,,,,,,1,,,,,,,,,,,,,
46/47?,,,,,,talerz-placek,3c,,,,,,,,,,,,,,,,,,,,
46/47?,b,b,ch,k,,,3b,,,,,,,,,,,,,,,,,,,,
46/47?,b,b,ch,k,,,3b,,,,,,,,,,,,,,,,,,,,
46/47?,b,b,g,k,,,3a,,,,,,,,,,,,,,,,,,,,
46/47?,,,,,,talerz-placek,3c,,,,,,,,,,,,,,,,,,,,
46/47?,b,b,g,0,otwory pod wylewem,,3a,,,,,,,,,1,,,,,,,,,,,
46/47?,,,,,,talerz-placek,3c,,,,,,,,,,,,,,,,,,,,
46/47?,,,,,,talerz-placek,3c,,,,,,,,,,,,,,,,,,,,
46/47?,,,,,,talerz-placek,3c,,,,,,,,,,,,,,,,,,,,
46/47?,b,b,g,k,,,3a,,,,,,,,,,,,,,,,,,,,
46/47?,b,c,g,k,,,2a,,,,,,,,,,,,,,,,,,,,
,,,,,,,nan,,,,,,,,,,,,,,,,,,,,
70,b,b,ch,k,,,3b,,,,,,,,,,,,,,,,,,,,
70,,,,,do³ek paznokciowy,talerz-placek,3c,,,,,,,1,,,,,,,,,,,,,
70,,,,,,talerz-placek,3c,,,,,,,,,,,,,,,,,,,,
70,b,b,ch,k,,,3b,,,,,,,,,,,,,,,,,,,,
70,b,b,g,0,,,3a,,,,,,,,,,,,,,,,,,,,
70,b,b,ch,k,,,3b,,,,,,,,,,,,,,,,,,,,
70,b,b,ch,k,,,3b,,,,,,,,,,,,,,,,,,,,
70,b,b,ch,k,,,3b,,,,,,,,,,,,,,,,,,,,
70,b,b,ch,k,,,3b,,,,,,,,,,,,,,,,,,,,
70,b,b,ch,k,,,3b,,,,,,,,,,,,,,,,,,,,
70,b,b,ch,k,rz¹d do³ków paznokciowych,,3b,,,,,,,1,,,,,,,,,,,,,
70,b,b,g,0,dookolna linia ryta,,3a,,1,,,,,,,,,,,,,,,,,,
70,,,,,rz¹d do³ków paznokciowych,talerz-placek,3c,,,,,,,1,,,,,,,,,,,,,
70,b,b,ch,k,,,3b,,,,,,,,,,,,,,,,,,,,
70,b,b,g,k,,,3a,,,,,,,,,,,,,,,,,,,,
70,b,b,ch,k,rz¹d do³ków paznokciowych,,3b,,,,,,,1,,,,,,,,,,,,,
70,,,,,otwór na powierzchni,talerz-placek,3c,,,,,,1,,,,,,,,,,,,,,
70,b,b,ch,k,dolepiana plastyczna listewka z trzema zag³êbieniami,,3b,,,,,,,,,,,,,1,,1,,,,,
70,b,b,g,k,,dno,3a,,,,,,,,,,,,,,,,,,,,
70,,,,,,talerz-placek,3c,,,,,,,,,,,,,,,,,,,,
70,b,b,g,k,,,3a,,,,,,,,,,,,,,,,,,,,
70,b,b,g,k,,,3a,,,,,,,,,,,,,,,,,,,,
70,,,,,,talerz-placek,3c,,,,,,,,,,,,,,,,,,,,
70,,,,,odcisk plecionki,talerz-placek,3c,,,,,1,,,,,,,,,,,,,,,
70,b,b,ch,k,,,3b,,,,,,,,,,,,,,,,,,,,
70,b,b,ch,k,,,3b,,,,,,,,,,,,,,,,,,,,
70,,,,,"odcisk plecionki, do³ek paznokciowy",talerz-placek,3c,,,,,1,,1,,,,,,,,,,,,,
70,,,,,,talerz-placek,3c,,,,,,,,,,,,,,,,,,,,
70,,,,,,talerz-placek,3c,,,,,,,,,,,,,,,,,,,,
70,b,b,ch,k,,,3b,,,,,,,,,,,,,,,,,,,,
70,b,b,g,k,otwory pod wylewem,,3a,,,,,,,,,1,,,,,,,,,,,
70,b,b,g,0,,klejone; skorupy maj¹ ró¿ne kolory (warunki podepozycyjne?) - zdjêcie,3a,,,,,,,,,,,,,,,,,,,,
70,b,b,g,0,,,3a,,,,,,,,,,,,,,,,,,,,
70,b,b,ch,k,,,3b,,,,,,,,,,,,,,,,,,,,
70,b,b,g,k,,,3a,,,,,,,,,,,,,,,,,,,,
70,b,b,ch,k,,,3b,,,,,,,,,,,,,,,,,,,,
70,,,,,,talerz-placek,3c,,,,,,,,,,,,,,,,,,,,
70,,,,,,talerz-placek,3c,,,,,,,,,,,,,,,,,,,,
70,b,c,g,k,,dno,2a,,,,,,,,,,,,,,,,,,,,
70,,,,,,talerz-placek,3c,,,,,,,,,,,,,,,,,,,,
70,b,b,g,0/k,,,3a,,,,,,,,,,,,,,,,,,,,
70,b,b,ch,k,,,3b,,,,,,,,,,,,,,,,,,,,
70,b,b,ch,k,,,3b,,,,,,,,,,,,,,,,,,,,
70,b,c,ch,k,,,2b,,,,,,,,,,,,,,,,,,,,
70,b,b,ch,k,,,3b,,,,,,,,,,,,,,,,,,,,
70,,,,,do³ki paznokciowe,talerz-placek,3c,,,,,,,1,,,,,,,,,,,,,
70,b,b,ch,k,,,3b,,,,,,,,,,,,,,,,,,,,
70,b,b,g,0/k,guzki przy krawêdzi wylewu,,3a,,,1,,,,,,,,,,,,,,,,,
70,b,b,ch,k,,,3b,,,,,,,,,,,,,,,,,,,,
70,b,b,ch,k,,,3b,,,,,,,,,,,,,,,,,,,,
70,b,b,g,0,,,3a,,,,,,,,,,,,,,,,,,,,
70,,,,,,talerz-placek,3c,,,,,,,,,,,,,,,,,,,,
70,b,b,g,0,,,3a,,,,,,,,,,,,,,,,,,,,
70,b,b,ch,k,,,3b,,,,,,,,,,,,,,,,,,,,
70,b,b,ch,k,,,3b,,,,,,,,,,,,,,,,,,,,
70,,,,,,talerz-placek,3c,,,,,,,,,,,,,,,,,,,,
70,,,,,,talerz-placek,3c,,,,,,,,,,,,,,,,,,,,
70,b,b,g,0/k,,,3a,,,,,,,,,,,,,,,,,,,,
70,,,,roœlinna,-,-,nan,,,,,,,,,,,,,,,,,,,,
70,b,b,ch,k,,,3b,,,,,,,,,,,,,,,,,,,,
70,b,b,ch,k,,,3b,,,,,,,,,,,,,,,,,,,,
70,b,b,ch,k,,,3b,,,,,,,,,,,,,,,,,,,,
70,b,b,ch,k,,,3b,,,,,,,,,,,,,,,,,,,,
70,b,b,ch,k,,,3b,,,,,,,,,,,,,,,,,,,,
70,,,,,,talerz-placek,3c,,,,,,,,,,,,,,,,,,,,
,,,,,,,nan,,,,,,,,,,,,,,,,,,,,
73,b,b,ch,k,,,3b,,,,,,,,,,,,,,,,,,,,
73,b,b,g,k,,,3a,,,,,,,,,,,,,,,,,,,,
73,b,b,ch,k,,,3b,,,,,,,,,,,,,,,,,,,,
73,b,b,g,0/k,,,3a,,,,,,,,,,,,,,,,,,,,
73,b,c,ch,k,,,2b,,,,,,,,,,,,,,,,,,,,
73,b,b,g,k,,,3a,,,,,,,,,,,,,,,,,,,,
,,,,,,,nan,,,,,,,,,,,,,,,,,,,,
74,,,,,"odcisk plecionki, otwór na powierzchni",talerz-placek,3c,,,,,1,1,,,,,,,,,,,,,,
74,b,b,ch,k,,,3b,,,,,,,,,,,,,,,,,,,,
74,,,,,odcisk plecionki,talerz-placek,3c,,,,,1,,,,,,,,,,,,,,,
74,b,b,ch,k,,,3b,,,,,,,,,,,,,,,,,,,,
74,,,,,,talerz-placek,3c,,,,,,,,,,,,,,,,,,,,
74,,,,,,talerz-placek,3c,,,,,,,,,,,,,,,,,,,,
74,b,b,g,0,poziome i ukoœne linie ryte,,3a,,1,,,,,,,,,,,,,,,,,,
74,,,,,,talerz-placek,3c,,,,,,,,,,,,,,,,,,,,
74,,,,,"otwór na powierzchni, do³ek paznokciowy",talerz-placek,3c,,,,,,1,1,,,,,,,,,,,,,
74,b,b,ch,k,do³ek paznokciowy,,3b,,,,,,,1,,,,,,,,,,,,,
74,b,b,g,k,,,3a,,,,,,,,,,,,,,,,,,,,
74,,,,,,talerz-placek,3c,,,,,,,,,,,,,,,,,,,,
74,b,b,ch,k,,,3b,,,,,,,,,,,,,,,,,,,,
74,b,b,ch,k,,,3b,,,,,,,,,,,,,,,,,,,,
74,b,b,g,0/k,,,3a,,,,,,,,,,,,,,,,,,,,
74,b,b,g,0/k,,,3a,,,,,,,,,,,,,,,,,,,,
74,b,b,ch,k,,,3b,,,,,,,,,,,,,,,,,,,,
74,b,b,ch,k,,,3b,,,,,,,,,,,,,,,,,,,,
74,b,b,ch,k,,,3b,,,,,,,,,,,,,,,,,,,,
74,b,c,ch,k,,,2b,,,,,,,,,,,,,,,,,,,,
74,b,b,ch,k,,,3b,,,,,,,,,,,,,,,,,,,,
,,,,,,,nan,,,,,,,,,,,,,,,,,,,,
75,,,,,"do³ki paznokciowe, otwór na powierzchni",talerz-placek,3c,,,,,,1,1,,,,,,,,,,,,,
75,,,,,otwór na powierzchni,talerz-placek,3c,,,,,,1,,,,,,,,,,,,,,
75,,,,,do³ki paznokciowe,talerz-placek,3c,,,,,,,1,,,,,,,,,,,,,
75,b,b,ch,k,,,3b,,,,,,,,,,,,,,,,,,,,
75,b,b,g,0/k,,,3a,,,,,,,,,,,,,,,,,,,,
75,,,,,,talerz-placek,3c,,,,,,,,,,,,,,,,,,,,
75,,,,,odcisk plecionki,talerz-placek,3c,,,,,1,,,,,,,,,,,,,,,
75,,,,,otwór na powierzchni,talerz-placek,3c,,,,,,1,,,,,,,,,,,,,,
75,,,,,odcisk plecionki,talerz-placek,3c,,,,,1,,,,,,,,,,,,,,,
75,b,b,g,0,,,3a,,,,,,,,,,,,,,,,,,,,
75,b,b,g,0/k,,,3a,,,,,,,,,,,,,,,,,,,,
75,b,c,g,k,,,2a,,,,,,,,,,,,,,,,,,,,
75,b,b,g,k,otwó pod wylewem,,3a,,,,,,,,,1,,,,,,,,,,,
75,b,b,ch,k,,,3b,,,,,,,,,,,,,,,,,,,,
75,,,,,,talerz-placek,3c,,,,,,,,,,,,,,,,,,,,
75,b,b,g,0,,,3a,,,,,,,,,,,,,,,,,,,,
75,,,,,,talerz-placek,3c,,,,,,,,,,,,,,,,,,,,
,,,,,,,nan,,,,,,,,,,,,,,,,,,,,
76,b,b,ch,k,,,3b,,,,,,,,,,,,,,,,,,,,
76,b,b,g,0,,,3a,,,,,,,,,,,,,,,,,,,,
76,b,b,ch,k,,,3b,,,,,,,,,,,,,,,,,,,,
76,b,b,g,0,,,3a,,,,,,,,,,,,,,,,,,,,
76,b,b,ch,k,,,3b,,,,,,,,,,,,,,,,,,,,
,,,,,,,nan,,,,,,,,,,,,,,,,,,,,
78,b,b,g,k,,dno,3a,,,,,,,,,,,,,,,,,,,,
78,b,b,ch,k,guz plastyczny,,3b,,,1,,,,,,,,,,,,,,,,,
78,b,b,ch,k,"guzy plastyczne, listwa karbowana, szeroka linia ryta? pod wylewem",,3b,,1,1,,,,,,,,,1,,,,,,,,
78,b,b,ch,k,,,3b,,,,,,,,,,,,,,,,,,,,
78,b,b,ch,k,,,3b,,,,,,,,,,,,,,,,,,,,
78,,,,,,talerz-placek,3c,,,,,,,,,,,,,,,,,,,,
78,b,b,ch,k,,,3b,,,,,,,,,,,,,,,,,,,,
78,b,b,ch,k,,,3b,,,,,,,,,,,,,,,,,,,,
78,b,b,g,k,,,3a,,,,,,,,,,,,,,,,,,,,
78,,,,,odcisk plecionki,talerz-placek,3c,,,,,1,,,,,,,,,,,,,,,
78,b,b,g,k,otwory pod wylewem,wylew,3a,,,,,,,,,1,,,,,,,,,,,
78,,,,,odcisk plecionki,talerz-placek,3c,,,,,1,,,,,,,,,,,,,,,
78,,,,,do³ek paznokciowy,talerz-placek,3c,,,,,,,1,,,,,,,,,,,,,
78,,,,,odcisk plecionki,talerz-placek,3c,,,,,1,,,,,,,,,,,,,,,
78,b,b,g,k,,wylew,3a,,,,,,,,,,,,,,,,,,,,
78,,,,,,talerz-placek,3c,,,,,,,,,,,,,,,,,,,,
78,b,b,g,0/k,,,3a,,,,,,,,,,,,,,,,,,,,
78,,,,,do³ek paznokciowy,talerz-placek,3c,,,,,,,1,,,,,,,,,,,,,
78,,,,,,talerz-placek,3c,,,,,,,,,,,,,,,,,,,,
78,b,b,g,k,,,3a,,,,,,,,,,,,,,,,,,,,
78,,,,,do³ki paznokciowe,talerz-placek,3c,,,,,,,1,,,,,,,,,,,,,
78,,,,,,talerz-placek,3c,,,,,,,,,,,,,,,,,,,,
78,,,,,,talerz-placek,3c,,,,,,,,,,,,,,,,,,,,
78,,,,,do³ki paznokciowe,talerz-placek,3c,,,,,,,1,,,,,,,,,,,,,
78,,,,,,talerz-placek,3c,,,,,,,,,,,,,,,,,,,,
78,b,b,g,0/k,,fragm. ucha,3a,,,,,,,,,,,,,,,,,,,,
78,b,b,g,0/k,,,3a,,,,,,,,,,,,,,,,,,,,
78,b,b,g,k,,wylew,3a,,,,,,,,,,,,,,,,,,,,
78,b,b,g,0,,,3a,,,,,,,,,,,,,,,,,,,,
,,,,,,,nan,,,,,,,,,,,,,,,,,,,,
79,,,,,,,nan,,,,,,,,,,,,,,,,,,,,
,,,,,,,nan,,,,,,,,,,,,,,,,,,,,
83,,,,,odcisk plecionki,talerz-placek,3c,,,,,1,,,,,,,,,,,,,,,
83,b,b,ch,k,"otwory pod wylewem, rz¹d do³ków paznokciowych",,3b,,,,,,,1,,1,,,,,,,,,,,
83,b,b,g,k,"otwór pod wylewem, rz¹d do³ków paznokciowych",wylew,3a,,,,,,,1,,1,,,,,,,,,,,
83,b,b,ch,k,,,3b,,,,,,,,,,,,,,,,,,,,
83,b,b,ch,k,"otwór pod wylewem, rz¹d do³ków paznokciowych",,3b,,,,,,,1,,1,,,,,,,,,,,
83,,,,,,talerz-placek,3c,,,,,,,,,,,,,,,,,,,,
83,,,,,,talerz-placek,3c,,,,,,,,,,,,,,,,,,,,
83,b,b,ch,k,,,3b,,,,,,,,,,,,,,,,,,,,
83,b,b,ch,k,,,3b,,,,,,,,,,,,,,,,,,,,
83,b,b,g,k,do³ki paznokciowe,,3a,,,,,,,1,,,,,,,,,,,,,
83,,,,,,talerz-placek,3c,,,,,,,,,,,,,,,,,,,,
83,b,b,g,k,,,3a,,,,,,,,,,,,,,,,,,,,
83,b,b,g,k,,,3a,,,,,,,,,,,,,,,,,,,,
83,,,,,do³ki paznokciowe,talerz-placek,3c,,,,,,,1,,,,,,,,,,,,,
83,b,b,ch,k,,,3b,,,,,,,,,,,,,,,,,,,,
83,b,b,g,0,,,3a,,,,,,,,,,,,,,,,,,,,
83,b,b,ch,k,,,3b,,,,,,,,,,,,,,,,,,,,
83,b,b,g,k,otwór pod wylewem,wylew,3a,,,,,,,,,1,,,,,,,,,,,
83,b,b,ch,k,,,3b,,,,,,,,,,,,,,,,,,,,
83,,,,,,talerz-placek,3c,,,,,,,,,,,,,,,,,,,,
83,b,b,g,k,,,3a,,,,,,,,,,,,,,,,,,,,
83,b,b,ch,k,,,3b,,,,,,,,,,,,,,,,,,,,
83,b,b,g,k,,,3a,,,,,,,,,,,,,,,,,,,,
83,,,,,,talerz-placek,3c,,,,,,,,,,,,,,,,,,,,
83,,,,,,talerz-placek,3c,,,,,,,,,,,,,,,,,,,,
,,,,,,,nan,,,,,,,,,,,,,,,,,,,,
84,b,b,ch,k,,,3b,,,,,,,,,,,,,,,,,,,,
84,,,,,,talerz-placek,3c,,,,,,,,,,,,,,,,,,,,
84,b,b,ch,k,,,3b,,,,,,,,,,,,,,,,,,,,
84,,,,,do³ek paznokciowy,talerz-placek,3c,,,,,,,1,,,,,,,,,,,,,
84,b,b,ch,k,otwór pod wylewem,,3b,,,,,,,,,1,,,,,,,,,,,
84,,,,,otwór na powierzchni,talerz-placek,3c,,,,,,1,,,,,,,,,,,,,,
84,b,b,ch,k,,,3b,,,,,,,,,,,,,,,,,,,,
84,b,b,ch,k,,,3b,,,,,,,,,,,,,,,,,,,,
,,,,,,,nan,,,,,,,,,,,,,,,,,,,,
85,b,b,g,k,otwory pod wylewem,wylew,3a,,,,,,,,,1,,,,,,,,,,,
85,b,b,ch,k,poziome i ukoœne linie ryte,,3b,,1,,,,,,,,,,,,,,,,,,
85,b,b,ch,k,,,3b,,,,,,,,,,,,,,,,,,,,
85,b,b,ch,k,,,3b,,,,,,,,,,,,,,,,,,,,
85,,,,,"do³ek paznokciowy, otwór na powierzchni",talerz-placek,3c,,,,,,1,1,,,,,,,,,,,,,
85,b,b,g,k,otwory pod wylewem,wylew,3a,,,,,,,,,1,,,,,,,,,,,
85,,,,,otwory na powierzchni,talerz-placek,3c,,,,,,1,,,,,,,,,,,,,,
85,,,,,otwór na powierzchni,talerz-placek,3c,,,,,,1,,,,,,,,,,,,,,
85,b,c,ch,k,,,2b,,,,,,,,,,,,,,,,,,,,
85,b,b,ch,k,,,3b,,,,,,,,,,,,,,,,,,,,
85,b,c,g,0,,,2a,,,,,,,,,,,,,,,,,,,,
85,b,b,g,k,,,3a,,,,,,,,,,,,,,,,,,,,
85,b,b,ch,k,,,3b,,,,,,,,,,,,,,,,,,,,
85,b,b,ch,k,do³ki paznokciowe,,3b,,,,,,,1,,,,,,,,,,,,,
85,,,,,otwór na powierzchni,talerz-placek,3c,,,,,,1,,,,,,,,,,,,,,
85,,,,,,talerz-placek,3c,,,,,,,,,,,,,,,,,,,,
85,,,,,do³ki paznokciowe,talerz-placek,3c,,,,,,,1,,,,,,,,,,,,,
,,,,,,,nan,,,,,,,,,,,,,,,,,,,,
GARNEK-CHUJ-WIE-SK¥D,b,b,ch,k,"poziomy i ukoœne rzêdy do³ków paznokciowych, otwory pod wylewem",,3b,,,,,,,1,,1,,,,,,,,,,,
,,,,,,,nan,,,,,,,,,,,,,,,,,,,,
86,b,b,ch,k,rz¹d do³ków paznokciowych,,3b,,,,,,,1,,,,,,,,,,,,,
86,b,b,ch,k,"rz¹d do³ków paznokciowych, otwory pod wylewem",,3b,,,,,,,1,,1,,,,,,,,,,,
86,,,,,otwory na powierzchni,talerz-placek,3c,,,,,,1,,,,,,,,,,,,,,
86,,,,,,talerz-placek,3c,,,,,,,,,,,,,,,,,,,,
86,b,b,ch,k,,talerz-placek,3c,,,,,,,,,,,,,,,,,,,,
86,,,,,guz plastyczny?,talerz-placek,3c,,,1,,,,,,,,,,,,,,,,,
86,b,c,ch,k,,,2b,,,,,,,,,,,,,,,,,,,,
86,,,,,,talerz-placek,3c,,,,,,,,,,,,,,,,,,,,
86,,,,,do³ek paznokciowy,talerz-placek,3c,,,,,,,1,,,,,,,,,,,,,
86,,,,,,talerz-placek,3c,,,,,,,,,,,,,,,,,,,,
86,,,,,,talerz-placek,3c,,,,,,,,,,,,,,,,,,,,
86,b,b,ch,k,,,3b,,,,,,,,,,,,,,,,,,,,
86,,,,,,talerz-placek,3c,,,,,,,,,,,,,,,,,,,,
86,b,b,ch,k,,,3b,,,,,,,,,,,,,,,,,,,,
86,,,,,,talerz-placek,3c,,,,,,,,,,,,,,,,,,,,
86,b,b,ch,k,,,3b,,,,,,,,,,,,,,,,,,,,
86,,,,,,talerz-placek,3c,,,,,,,,,,,,,,,,,,,,
86,,,,,do³ek paznokciowy,talerz-placek,3c,,,,,,,1,,,,,,,,,,,,,
86,,,,,,talerz-placek,3c,,,,,,,,,,,,,,,,,,,,
86,b,b,ch,k,,,3b,,,,,,,,,,,,,,,,,,,,
86,b,b,ch,k,,,3b,,,,,,,,,,,,,,,,,,,,
86,b,b,ch,k,,,3b,,,,,,,,,,,,,,,,,,,,
86,,,,,,talerz-placek,3c,,,,,,,,,,,,,,,,,,,,
86,,,,,do³ki paznokciowe?,talerz-placek,3c,,,,,,,1,,,,,,,,,,,,,
86,b,b,g,k,,,3a,,,,,,,,,,,,,,,,,,,,
86,b,b,ch,k,,,3b,,,,,,,,,,,,,,,,,,,,
86,,,,,,talerz-placek,3c,,,,,,,,,,,,,,,,,,,,
86,b,b,ch,k,,,3b,,,,,,,,,,,,,,,,,,,,
86,b,c,ch,k,,,2b,,,,,,,,,,,,,,,,,,,,
86,b,b,g,k,otwór pod wylewem,wylew,3a,,,,,,,,,1,,,,,,,,,,,
,,,,,,,nan,,,,,,,,,,,,,,,,,,,,
88,,,,,,talerz-placek,3c,,,,,,,,,,,,,,,,,,,,
88,b,b,ch,k,,,3b,,,,,,,,,,,,,,,,,,,,
,,,,,,,nan,,,,,,,,,,,,,,,,,,,,
,,,,,,,nan,,,,,,,,,,,,,,,,,,,,
90,b,b,ch,k,,,3b,,,,,,,,,,,,,,,,,,,,
90,b,b,ch,k,,,3b,,,,,,,,,,,,,,,,,,,,
90,b,b,g,0/k,,,3a,,,,,,,,,,,,,,,,,,,,
90,b,b,ch,k,,,3b,,,,,,,,,,,,,,,,,,,,
90,b,b,g,k,,,3a,,,,,,,,,,,,,,,,,,,,
,,,,,,,nan,,,,,,,,,,,,,,,,,,,,
99 ????,b,b,g,k,,uchwyt pokrywki??,3a,,,,,,,,,,,,,,,,,,,,
,,,,,,,nan,,,,,,,,,,,,,,,,,,,,
"""luŸne""",b,b,ch,k,rz¹d do³ków paznokciowych,,3b,,,,,,,1,,,,,,,,,,,,,
"""luŸne""",b,b,g,0,,,3a,,,,,,,,,,,,,,,,,,,,
"""luŸne""",b,b,ch,k,,,3b,,,,,,,,,,,,,,,,,,,,
"""luŸne""",b,b,ch,k,,,3b,,,,,,,,,,,,,,,,,,,,
"""luŸne""",b,b,ch,k,,,3b,,,,,,,,,,,,,,,,,,,,
"""luŸne""",b,b,ch,k,,,3b,,,,,,,,,,,,,,,,,,,,
"""luŸne""",,,,,,talerz-placek,3c,,,,,,,,,,,,,,,,,,,,
"""luŸne""",b,b,g,0/k,,,3a,,,,,,,,,,,,,,,,,,,,
"""luŸne""",b,b,ch,k,,,3b,,,,,,,,,,,,,,,,,,,,
"""luŸne""",b,b,g,k,,,3a,,,,,,,,,,,,,,,,,,,,
"""luŸne""",b,b,g,0,,,3a,,,,,,,,,,,,,,,,,,,,
"""luŸne""",b,b,ch,k,rz¹d do³ków paznokciowych,,3b,,,,,,,1,,,,,,,,,,,,,
"""luŸne""",,,,,,talerz-placek,3c,,,,,,,,,,,,,,,,,,,,
"""luŸne""",,,,,,talerz-placek,3c,,,,,,,,,,,,,,,,,,,,
"""luŸne""",b,c,g,k,,w tym naczyniu (wszystkie czarne od wewn skorupy) doskonale widoczny t³uczeñ w prze³amie - zdjêcie?,2a,,,,,,,,,,,,,,,,,,,,
"""luŸne""",b,c,g,k,,,2a,,,,,,,,,,,,,,,,,,,,
"""luŸne""",b,c,g,k,,,2a,,,,,,,,,,,,,,,,,,,,
"""luŸne""",b,c,g,k,,,2a,,,,,,,,,,,,,,,,,,,,
"""luŸne""",b,c,g,k,,,2a,,,,,,,,,,,,,,,,,,,,
"""luŸne""",,,,,,talerz-placek,3c,,,,,,,,,,,,,,,,,,,,
"""luŸne""",b,b,g,k,otwór pod wylewem,wylew,3a,,,,,,,,,1,,,,,,,,,,,
"""luŸne""",,,,,do³ek paznokciowy,talerz-placek,3c,,,,,,,1,,,,,,,,,,,,,
"""luŸne""",b,b,ch,k,,,3b,,,,,,,,,,,,,,,,,,,,
"""luŸne""",b,b,ch,k,,,3b,,,,,,,,,,,,,,,,,,,,
"""luŸne""",b,b,ch,k,otwór pod wylewem,,3b,,,,,,,,,1,,,,,,,,,,,
"""luŸne""",b,b,ch,k,,,3b,,,,,,,,,,,,,,,,,,,,
"""luŸne""",b,b,g,k,,wylew,3a,,,,,,,,,,,,,,,,,,,,
"""luŸne""",,,,,,talerz-placek,3c,,,,,,,,,,,,,,,,,,,,
"""luŸne""",,,,,,talerz-placek,3c,,,,,,,,,,,,,,,,,,,,
"""luŸne""",b,b,ch,k,,,3b,,,,,,,,,,,,,,,,,,,,
,,,,,,,nan,,,,,,,,,,,,,,,,,,,,
104,,,,,do³ek paznokciowy,talerz-placek,3c,,,,,,,1,,,,,,,,,,,,,
104,,,,,otwory na powierzchni,talerz-placek,3c,,,,,,1,,,,,,,,,,,,,,
104,,,,,,talerz-placek,3c,,,,,,,,,,,,,,,,,,,,
104,,,,,,talerz-placek,3c,,,,,,,,,,,,,,,,,,,,
104,,,,,"odcisk plecionki, otwory na powierzchni",talerz-placek,3c,,,,,1,1,,,,,,,,,,,,,,
104,,,,,rz¹d do³ków paznokciowych,talerz-placek,3c,,,,,,,1,,,,,,,,,,,,,
104,,,,,,talerz-placek,3c,,,,,,,,,,,,,,,,,,,,
104,,,,,,talerz-placek,3c,,,,,,,,,,,,,,,,,,,,
104,,,,,otwór na powierzchni,talerz-placek,3c,,,,,,1,,,,,,,,,,,,,,
104,,,,,otwory na powierzchni,talerz-placek,3c,,,,,,1,,,,,,,,,,,,,,
104,,,,,otwory na powierzchni,talerz-placek,3c,,,,,,1,,,,,,,,,,,,,,
104,b,b,ch,k,,,3b,,,,,,,,,,,,,,,,,,,,
104,,,,,"do³ek palcowy, otwór na powierzchni",talerz-placek,3c,,,,,,1,,,,1,,,,,,,,,,
104,,,,,otwór na powierzchni,talerz-placek,3c,,,,,,1,,,,,,,,,,,,,,
104,,,,,otwór na powierzchni,talerz-placek,3c,,,,,,1,,,,,,,,,,,,,,
104,,,,,odcisk plecionki,talerz-placek,3c,,,,,1,,,,,,,,,,,,,,,
104,,,,,,talerz-placek,3c,,,,,,,,,,,,,,,,,,,,
104,,,,,otwory na powierzchni,talerz-placek,3c,,,,,,1,,,,,,,,,,,,,,
104,,,,,otwór na powierzchni,talerz-placek,3c,,,,,,1,,,,,,,,,,,,,,
104,,,,,do³ki paznokciowe,talerz-placek,3c,,,,,,,1,,,,,,,,,,,,,
104,,,,,,talerz-placek,3c,,,,,,,,,,,,,,,,,,,,
104,,,,,,talerz-placek,3c,,,,,,,,,,,,,,,,,,,,
104,b,b,g,0,,,3a,,,,,,,,,,,,,,,,,,,,
104,b,b,ch,k,,,3b,,,,,,,,,,,,,,,,,,,,
104,,,,,,talerz-placek,3c,,,,,,,,,,,,,,,,,,,,
104,,,,,do³ki paznokciowe,talerz-placek,3c,,,,,,,1,,,,,,,,,,,,,
104,,,,,do³ki paznokciowe,talerz-placek,3c,,,,,,,1,,,,,,,,,,,,,
104,,,,,odcisk plecionki,talerz-placek,3c,,,,,1,,,,,,,,,,,,,,,
104,,,,,otwór na powierzchni,talerz-placek,3c,,,,,,1,,,,,,,,,,,,,,
104,,,,,odcisk plecionki,talerz-placek,3c,,,,,1,,,,,,,,,,,,,,,
104,b,b,ch,k,"do³ki palcowe, guz plastyczny",,3b,,,1,,,,,,,1,,,,,,,,,,
104,b,b,ch,k,"do³ki paznokciowe, guz plastyczny z wg³êbieniem",,3b,1,,,,,,1,,,,,,,,,,,,,
104,,,,,,talerz-placek,3c,,,,,,,,,,,,,,,,,,,,
104,,,,,odcisk plecionki,talerz-placek,3c,,,,,1,,,,,,,,,,,,,,,
104,b,b,g,0/k,,dno,3a,,,,,,,,,,,,,,,,,,,,
104,,,,,,talerz-placek,3c,,,,,,,,,,,,,,,,,,,,
104,,,,,,talerz-placek,3c,,,,,,,,,,,,,,,,,,,,
104,b,b,ch,k,,,3b,,,,,,,,,,,,,,,,,,,,
104,,,,,otwór na powierzchni,talerz-placek,3c,,,,,,1,,,,,,,,,,,,,,
104,,,,,,talerz-placek,3c,,,,,,,,,,,,,,,,,,,,
104,,,,,,talerz-placek,3c,,,,,,,,,,,,,,,,,,,,
104,b,b,ch,k,,,3b,,,,,,,,,,,,,,,,,,,,
104,,,,,,talerz-placek,3c,,,,,,,,,,,,,,,,,,,,
104,b,b,ch,k,,,3b,,,,,,,,,,,,,,,,,,,,
104,b,b,ch,k,guz plastyczny,,3b,,,1,,,,,,,,,,,,,,,,,
104,,,,,otwór na powierzchni,talerz-placek,3c,,,,,,1,,,,,,,,,,,,,,
104,,,,,,talerz-placek,3c,,,,,,,,,,,,,,,,,,,,
104,b,b,ch,k,guz plastyczny z wg³êbieniem,,3b,1,,,,,,,,,,,,,,,,,,,
104,,,,,,talerz-placek,3c,,,,,,,,,,,,,,,,,,,,
104,b,b,g,k/s,otwory pod wylewem,wylew,3a,,,,,,,,,1,,,,,,,,,,,
104,,,,,odcisk plecionki,talerz-placek,3c,,,,,1,,,,,,,,,,,,,,,
104,b,b,ch,k,,,3b,,,,,,,,,,,,,,,,,,,,
104,b,c,g,k,,,2a,,,,,,,,,,,,,,,,,,,,
104,b,b,g,k,otwory pod wylewem,wylew,3a,,,,,,,,,1,,,,,,,,,,,
104,b,b,ch,k,"rz¹d do³ków paznokciowych, guz plastyczny z wg³êbieniem",,3b,1,,,,,,1,,,,,,,,,,,,,
104,b,b,ch,k,,,3b,,,,,,,,,,,,,,,,,,,,
104,,,,,,talerz-placek,3c,,,,,,,,,,,,,,,,,,,,
104,,,,,,talerz-placek,3c,,,,,,,,,,,,,,,,,,,,
104,b,b,ch,k,,,3b,,,,,,,,,,,,,,,,,,,,
104,,,,,,talerz-placek,3c,,,,,,,,,,,,,,,,,,,,
104,,,,,,talerz-placek,3c,,,,,,,,,,,,,,,,,,,,
104,,,,,otwór na powierzchni,talerz-placek,3c,,,,,,1,,,,,,,,,,,,,,
104,,,,,,talerz-placek,3c,,,,,,,,,,,,,,,,,,,,
104,b,c,ch,k,,,2b,,,,,,,,,,,,,,,,,,,,
104,b,b,g,k,,,3a,,,,,,,,,,,,,,,,,,,,
104,,,,,,talerz-placek,3c,,,,,,,,,,,,,,,,,,,,
104,b,b,ch,k,,,3b,,,,,,,,,,,,,,,,,,,,
104,b,b,ch,k,rz¹d do³ków paznokciowych,,3b,,,,,,,1,,,,,,,,,,,,,
104,,,,,,talerz-placek,3c,,,,,,,,,,,,,,,,,,,,
104,b,b,ch,k,,,3b,,,,,,,,,,,,,,,,,,,,
104,,,,,otwór na powierzchni,talerz-placek,3c,,,,,,1,,,,,,,,,,,,,,
104,,,,,otwór na powierzchni,talerz-placek,3c,,,,,,1,,,,,,,,,,,,,,
104,b,b,ch,k,,,3b,,,,,,,,,,,,,,,,,,,,
104,,,,,,talerz-placek,3c,,,,,,,,,,,,,,,,,,,,
104,b,b,ch,k,,,3b,,,,,,,,,,,,,,,,,,,,
104,b,b,g,0,,,3a,,,,,,,,,,,,,,,,,,,,
104,,,,,otwór na powierzchni,talerz-placek,3c,,,,,,1,,,,,,,,,,,,,,
104,,,,,"do³ek paznokciowy, otwór na powierzchni",talerz-placek,3c,,,,,,1,1,,,,,,,,,,,,,
104,b,b,ch,k,,,3b,,,,,,,,,,,,,,,,,,,,
104,b,b,ch,k,rz¹d do³ków paznokciowych,,3b,,,,,,,1,,,,,,,,,,,,,
104,b,b,ch,k,,,3b,,,,,,,,,,,,,,,,,,,,
104,,,,,,talerz-placek,3c,,,,,,,,,,,,,,,,,,,,
104,,,,,,talerz-placek,3c,,,,,,,,,,,,,,,,,,,,
104,,,,,,talerz-placek,3c,,,,,,,,,,,,,,,,,,,,
104,b,b,g,0,,,3a,,,,,,,,,,,,,,,,,,,,
104,b,b,ch,k,,,3b,,,,,,,,,,,,,,,,,,,,
104,b,c,ch,k,,,2b,,,,,,,,,,,,,,,,,,,,
104,,,,,,talerz-placek,3c,,,,,,,,,,,,,,,,,,,,
104,,,,,,talerz-placek,3c,,,,,,,,,,,,,,,,,,,,
104,,,,,,talerz-placek,3c,,,,,,,,,,,,,,,,,,,,
104,,,,,,talerz-placek,3c,,,,,,,,,,,,,,,,,,,,
104,,,,,,talerz-placek,3c,,,,,,,,,,,,,,,,,,,,
104,,,,,,talerz-placek,3c,,,,,,,,,,,,,,,,,,,,
104,,,,,,talerz-placek,3c,,,,,,,,,,,,,,,,,,,,
104,b,b,ch,k,,,3b,,,,,,,,,,,,,,,,,,,,
104,b,b,g,k,,,3a,,,,,,,,,,,,,,,,,,,,
104,b,b,ch,k,,,3b,,,,,,,,,,,,,,,,,,,,
104,b,b,g,k,otwór pod wylewem,wylew,3a,,,,,,,,,1,,,,,,,,,,,
104,,,,,do³ki paznokciowe,talerz-placek,3c,,,,,,,1,,,,,,,,,,,,,
104,b,b,ch,k,,,3b,,,,,,,,,,,,,,,,,,,,
104,b,b,ch,k,,,3b,,,,,,,,,,,,,,,,,,,,
104,,,,,,talerz-placek,3c,,,,,,,,,,,,,,,,,,,,
104,,,,,,talerz-placek,3c,,,,,,,,,,,,,,,,,,,,
104,b,b,ch,k,rz¹d do³ków paznokciowych,,3b,,,,,,,1,,,,,,,,,,,,,
104,b,b,g,0/k,"dwie poziome linie ryte, ukoœne linie ryte, guzek plastyczny",wylew,3a,,1,1,,,,,,,,,,,,,,,,,
104,,,,,do³ki paznokciowe,talerz-placek,3c,,,,,,,1,,,,,,,,,,,,,
104,b,b,ch,k,,,3b,,,,,,,,,,,,,,,,,,,,
104,,,,,,talerz-placek,3c,,,,,,,,,,,,,,,,,,,,
104,,,,,,talerz-placek,3c,,,,,,,,,,,,,,,,,,,,
104,b,b,ch,k,rz¹d do³ków paznokciowych,,3b,,,,,,,1,,,,,,,,,,,,,
104,b,b,ch,k,,,3b,,,,,,,,,,,,,,,,,,,,
104,,,,,,talerz-placek,3c,,,,,,,,,,,,,,,,,,,,
104,b,b,ch,k,,,3b,,,,,,,,,,,,,,,,,,,,
104,,,,,do³ki paznokciowe,talerz-placek,3c,,,,,,,1,,,,,,,,,,,,,
104,,,,,otwór na powierzchni,talerz-placek,3c,,,,,,1,,,,,,,,,,,,,,
104,,,,,,talerz-placek,3c,,,,,,,,,,,,,,,,,,,,
104,b,b,ch,k,,,3b,,,,,,,,,,,,,,,,,,,,
104,,,,,,talerz-placek,3c,,,,,,,,,,,,,,,,,,,,
104,b,b,ch,k,,,3b,,,,,,,,,,,,,,,,,,,,
104,,,,,,talerz-placek,3c,,,,,,,,,,,,,,,,,,,,
104,b,b,ch,k,,,3b,,,,,,,,,,,,,,,,,,,,
104,,,,,,talerz-placek,3c,,,,,,,,,,,,,,,,,,,,
104,b,b,ch,k,,,3b,,,,,,,,,,,,,,,,,,,,
104,b,b,ch,k,rz¹d do³ków paznokciowych,,3b,,,,,,,1,,,,,,,,,,,,,
104,,,,,,talerz-placek,3c,,,,,,,,,,,,,,,,,,,,
104,,,,,,talerz-placek,3c,,,,,,,,,,,,,,,,,,,,
104,b,b,ch,k,,,3b,,,,,,,,,,,,,,,,,,,,
104,b,b,ch,k,,,3b,,,,,,,,,,,,,,,,,,,,
104,b,c,ch,k,,,2b,,,,,,,,,,,,,,,,,,,,
104,,,,,,talerz-placek,3c,,,,,,,,,,,,,,,,,,,,
104,,,,,,talerz-placek,3c,,,,,,,,,,,,,,,,,,,,
104,,,,,,talerz-placek,3c,,,,,,,,,,,,,,,,,,,,
104,b,c,ch,k,,,2b,,,,,,,,,,,,,,,,,,,,
104,b,c,g,k,,,2a,,,,,,,,,,,,,,,,,,,,
104,,,,,,talerz-placek,3c,,,,,,,,,,,,,,,,,,,,
104,b,b,g,k,,,3a,,,,,,,,,,,,,,,,,,,,
104,b,b,g,k/s,,,3a,,,,,,,,,,,,,,,,,,,,
104,b,c,ch,k,,,2b,,,,,,,,,,,,,,,,,,,,
104,b,b,g,0,guz plastyczny,,3a,,,1,,,,,,,,,,,,,,,,,
104,b,b,g,k,ukoœne linie ryte na krawêdzi wylewu,,3a,,1,,,,,,,,,,,,,,,,,,
104,b,b,g,k,ukoœne linie ryte na krawêdzi wylewu,,3a,,1,,,,,,,,,,,,,,,,,,
104,b,b,ch,k,,,3b,,,,,,,,,,,,,,,,,,,,
104,b,b,ch,k,,,3b,,,,,,,,,,,,,,,,,,,,
104,b,b,ch,k,,,3b,,,,,,,,,,,,,,,,,,,,
104,b,b,ch,k,otwór pod wylewem,,3b,,,,,,,,,1,,,,,,,,,,,
104,,,,,,talerz-placek,3c,,,,,,,,,,,,,,,,,,,,
104,,,,,otwór na powierzchni,talerz-placek,3c,,,,,,1,,,,,,,,,,,,,,
104,,,,,,talerz-placek,3c,,,,,,,,,,,,,,,,,,,,
104,,,,,,talerz-placek,3c,,,,,,,,,,,,,,,,,,,,
104,,,,,,talerz-placek,3c,,,,,,,,,,,,,,,,,,,,
104,b,b,ch,k,,,3b,,,,,,,,,,,,,,,,,,,,
104,,,,,,talerz-placek,3c,,,,,,,,,,,,,,,,,,,,
104,b,b,g,0,,,3a,,,,,,,,,,,,,,,,,,,,
104,,,,,,talerz-placek,3c,,,,,,,,,,,,,,,,,,,,
104,b,b,ch,k,,,3b,,,,,,,,,,,,,,,,,,,,
104,b,c,ch,k,,,2b,,,,,,,,,,,,,,,,,,,,
104,b,b,ch,k,,,3b,,,,,,,,,,,,,,,,,,,,
104,b,b,ch,k,,,3b,,,,,,,,,,,,,,,,,,,,
104,,,,,,talerz-placek,3c,,,,,,,,,,,,,,,,,,,,
104,b,b,g,k,,wylew,3a,,,,,,,,,,,,,,,,,,,,
,,,,,,,nan,,,,,,,,,,,,,,,,,,,,
ar I,,,,,,talerz-placek,3c,,,,,,,,,,,,,,,,,,,,
ar I,,,,,,talerz-placek,3c,,,,,,,,,,,,,,,,,,,,
ar I,b,b,ch,k,,,3b,,,,,,,,,,,,,,,,,,,,
ar I,b,b,ch,k,,,3b,,,,,,,,,,,,,,,,,,,,
ar I,,,,,do³ki palcowe,talerz-placek,3c,,,,,,,,,,1,,,,,,,,,,
ar I,,,,,,talerz-placek,3c,,,,,,,,,,,,,,,,,,,,
ar I,b,b,ch,k,,,3b,,,,,,,,,,,,,,,,,,,,
ar I,,,,,,talerz-placek,3c,,,,,,,,,,,,,,,,,,,,
ar I,b,b,g,0/k,,wylew,3a,,,,,,,,,,,,,,,,,,,,
ar I,,,,,,talerz-placek,3c,,,,,,,,,,,,,,,,,,,,
ar I,,,,,,talerz-placek,3c,,,,,,,,,,,,,,,,,,,,
,,,,,,,nan,,,,,,,,,,,,,,,,,,,,
ar II,b,b,g,k,,,3a,,,,,,,,,,,,,,,,,,,,
ar II,c,b,g,0/k,,,1,,,,,,,,,,,,,,,,,,,,
ar II,,,,,,talerz-placek,3c,,,,,,,,,,,,,,,,,,,,
ar II,,,,,,talerz-placek,3c,,,,,,,,,,,,,,,,,,,,
ar II,b,b,ch,k,,,3b,,,,,,,,,,,,,,,,,,,,
,,,,,,,nan,,,,,,,,,,,,,,,,,,,,
ar III,b,b,g,k,,,3a,,,,,,,,,,,,,,,,,,,,
ar III,c,c,g,k,,,4,,,,,,,,,,,,,,,,,,,,
ar III,b,b,g,k,,,3a,,,,,,,,,,,,,,,,,,,,
ar III,,,,,,talerz-placek,3c,,,,,,,,,,,,,,,,,,,,
ar III,,,,,otwór na powierzchni,talerz-placek,3c,,,,,,1,,,,,,,,,,,,,,
ar III,,,,,,talerz-placek,3c,,,,,,,,,,,,,,,,,,,,
ar III,b,b,g,k,,wylew,3a,,,,,,,,,,,,,,,,,,,,
ar III,b,b,ch,k,,,3b,,,,,,,,,,,,,,,,,,,,
ar III,,,,,odcisk plecionki,talerz-placek,3c,,,,,1,,,,,,,,,,,,,,,
ar III,b,b,ch,k,otwór na powierzchni,,3b,,,,,,1,,,,,,,,,,,,,,
,,,,,,,nan,,,,,,,,,,,,,,,,,,,,
ar V,b,c,ch,k,,,2b,,,,,,,,,,,,,,,,,,,,
ar V,,,,,,talerz-placek,3c,,,,,,,,,,,,,,,,,,,,
ar V,b,b,g,0/k,,,3a,,,,,,,,,,,,,,,,,,,,
ar V,b,b,g,k,,wylew,3a,,,,,,,,,,,,,,,,,,,,
ar V,b,b,ch,k,,,3b,,,,,,,,,,,,,,,,,,,,
ar V,b,b,g,0/k,,wylew,3a,,,,,,,,,,,,,,,,,,,,
ar V,,,,,,talerz-placek,3c,,,,,,,,,,,,,,,,,,,,
ar V,b,b,ch,k,,,3b,,,,,,,,,,,,,,,,,,,,
ar V,,,,,,talerz-placek,3c,,,,,,,,,,,,,,,,,,,,
ar V,,,,,otwór na powierzchni,talerz-placek,3c,,,,,,1,,,,,,,,,,,,,,
ar V,b,b,ch,k,rz¹d do³ków paznokciowych,,3b,,,,,,,1,,,,,,,,,,,,,
ar V,b,b,g,k,,,3a,,,,,,,,,,,,,,,,,,,,
ar V,b,b,ch,k,,,3b,,,,,,,,,,,,,,,,,,,,
ar V,b,b,ch,k,,,3b,,,,,,,,,,,,,,,,,,,,
ar V,b,b,g,0/k,,,3a,,,,,,,,,,,,,,,,,,,,
ar V,b,b,g,0/k,,,3a,,,,,,,,,,,,,,,,,,,,
ar V,b,b,g,k,dwie linie ryte,,3a,,1,,,,,,,,,,,,,,,,,,
ar V,b,b,ch,k,,,3b,,,,,,,,,,,,,,,,,,,,
ar V,b,b,ch,k,,,3b,,,,,,,,,,,,,,,,,,,,
ar V,,,,,,talerz-placek,3c,,,,,,,,,,,,,,,,,,,,
ar V,,,,,otwór na powierzchni,talerz-placek,3c,,,,,,1,,,,,,,,,,,,,,
ar V,,,,,otwór na powierzchni,talerz-placek,3c,,,,,,1,,,,,,,,,,,,,,
ar V,,,,,otwór na powierzchni,talerz-placek,3c,,,,,,1,,,,,,,,,,,,,,
ar V,,,,,odcisk plecionki,talerz-placek,3c,,,,,1,,,,,,,,,,,,,,,
ar V,b,b,g,0/k,,,3a,,,,,,,,,,,,,,,,,,,,
ar V,b,b,g,0,,,3a,,,,,,,,,,,,,,,,,,,,
ar V,b,b,ch,k,,,3b,,,,,,,,,,,,,,,,,,,,
ar V,b,b,ch,k,,,3b,,,,,,,,,,,,,,,,,,,,
ar V,b,b,ch,k,,,3b,,,,,,,,,,,,,,,,,,,,
ar V,c,b,g,0/k,,,1,,,,,,,,,,,,,,,,,,,,
ar V,,,,,,talerz-placek,3c,,,,,,,,,,,,,,,,,,,,
ar V,b,b,ch,k,,,3b,,,,,,,,,,,,,,,,,,,,
ar V,b,b,ch,k,,,3b,,,,,,,,,,,,,,,,,,,,
ar V,b,b,ch,k,,,3b,,,,,,,,,,,,,,,,,,,,
ar V,b,b,ch,k,,,3b,,,,,,,,,,,,,,,,,,,,
ar V,b,b,ch,k,,,3b,,,,,,,,,,,,,,,,,,,,
ar V,b,b,ch,k,,,3b,,,,,,,,,,,,,,,,,,,,
,,,,,,,nan,,,,,,,,,,,,,,,,,,,,
ar VI,b,b,ch,k,,,3b,,,,,,,,,,,,,,,,,,,,
ar VI,b,b,g,k,otwory pod wylewem,,3a,,,,,,,,,1,,,,,,,,,,,
ar VI,b,b,ch,k,poziomy i ukoœny rz¹d do³ków paznokciowych,,3b,,,,,,,1,,,,,,,,,,,,,
ar VI,,,,,,talerz-placek,3c,,,,,,,,,,,,,,,,,,,,
ar VI,,,,,,talerz-placek,3c,,,,,,,,,,,,,,,,,,,,
ar VI,b,b,g,k,,,3a,,,,,,,,,,,,,,,,,,,,
ar VI,b,b,ch,k,,,3b,,,,,,,,,,,,,,,,,,,,
ar VI,,,,,"odcisk plecionki, otwory na powierzchni",talerz-placek,3c,,,,,1,1,,,,,,,,,,,,,,
ar VI,b,b,ch,k,,,3b,,,,,,,,,,,,,,,,,,,,
ar VI,b,b,ch,k,rz¹d do³ków paznokciowych,,3b,,,,,,,1,,,,,,,,,,,,,
ar VI,,,,,,talerz-placek,3c,,,,,,,,,,,,,,,,,,,,
ar VI,b,b,ch,k,guz plastyczny,,3b,,,1,,,,,,,,,,,,,,,,,
ar VI,b,b,g,k,,wylew,3a,,,,,,,,,,,,,,,,,,,,
ar VI,b,b,g,0/k,,,3a,,,,,,,,,,,,,,,,,,,,
ar VI,,,,,,talerz-placek,3c,,,,,,,,,,,,,,,,,,,,
ar VI,,,,,,talerz-placek,3c,,,,,,,,,,,,,,,,,,,,
,,,,,,,nan,,,,,,,,,,,,,,,,,,,,
ar VII,,,,,,talerz-placek,3c,,,,,,,,,,,,,,,,,,,,
ar VII,b,b,g,k,,,3a,,,,,,,,,,,,,,,,,,,,
ar VII,b,b,g,k,,,3a,,,,,,,,,,,,,,,,,,,,
ar VII,,,,,,talerz-placek,3c,,,,,,,,,,,,,,,,,,,,
ar VII,,,,,"otwory na powierzchni, do³ki paznokciowe",talerz-placek,3c,,,,,,1,1,,,,,,,,,,,,,
ar VII,b,b,ch,k,,,3b,,,,,,,,,,,,,,,,,,,,
ar VII,,,,,,talerz-placek,3c,,,,,,,,,,,,,,,,,,,,
ar VII,b,b,ch,k,rz¹d do³ków paznokciowych,,3b,,,,,,,1,,,,,,,,,,,,,
ar VII,,,,,,talerz-placek,3c,,,,,,,,,,,,,,,,,,,,
ar VII,b,b,g,0/k,,,3a,,,,,,,,,,,,,,,,,,,,
ar VII,,,,,,talerz-placek,3c,,,,,,,,,,,,,,,,,,,,
ar VII,b,b,ch,k,guz plastyczny,,3b,,,1,,,,,,,,,,,,,,,,,
ar VII,,,,,,talerz-placek,3c,,,,,,,,,,,,,,,,,,,,
ar VII,,,,,,talerz-placek,3c,,,,,,,,,,,,,,,,,,,,
ar VII,b,b,ch,k,,,3b,,,,,,,,,,,,,,,,,,,,
ar VII,b,b,g,k,,wylew,3a,,,,,,,,,,,,,,,,,,,,
ar VII,b,b,g,k,,wylew,3a,,,,,,,,,,,,,,,,,,,,
ar VII,b,b,g,k,,wylew/dno,3a,,,,,,,,,,,,,,,,,,,,
ar VII,b,b,ch,k,,,3b,,,,,,,,,,,,,,,,,,,,
ar VII,b,b,ch,k,,,3b,,,,,,,,,,,,,,,,,,,,
ar VII,,,,,odcisk plecionki,talerz-placek,3c,,,,,1,,,,,,,,,,,,,,,
ar VII,,,,,,talerz-placek,3c,,,,,,,,,,,,,,,,,,,,
ar VII,,,,,,talerz-placek,3c,,,,,,,,,,,,,,,,,,,,
ar VII,b,b,g,k,ornament pseudosznurowy,,3a,,,,,,,,,,,1,,,,,,,,,
ar VII,c,b,g,k,"pozioma linia ryta, ukoœne linie ornamentu pseudosznurowego",,1,,1,,,,,,,,,1,,,,,,,,,
ar VII,b,b,g,k,,,3a,,,,,,,,,,,,,,,,,,,,
ar VII,c,b,g,k,,,1,,,,,,,,,,,,,,,,,,,,
ar VII,b,b,ch,k,listwa karbowana,,3b,,,,,,,,,,,,1,,,,,,,,
ar VII,b,b,g,k,,,3a,,,,,,,,,,,,,,,,,,,,
ar VII,,,,,,talerz-placek,3c,,,,,,,,,,,,,,,,,,,,
ar VII,b,b,ch,k,,,3b,,,,,,,,,,,,,,,,,,,,
ar VII,,,,,,talerz-placek,3c,,,,,,,,,,,,,,,,,,,,
ar VII,b,b,ch,k,,,3b,,,,,,,,,,,,,,,,,,,,
ar VII,,,,,,talerz-placek,3c,,,,,,,,,,,,,,,,,,,,
ar VII,,,,,,talerz-placek,3c,,,,,,,,,,,,,,,,,,,,
ar VII,b,b,ch,k,,,3b,,,,,,,,,,,,,,,,,,,,
ar VII,,,,,,talerz-placek,3c,,,,,,,,,,,,,,,,,,,,
ar VII,b,b,ch,k,rz¹d do³ków paznokciowych,,3b,,,,,,,1,,,,,,,,,,,,,
ar VII,,,,,,talerz-placek,3c,,,,,,,,,,,,,,,,,,,,
ar VII,,,,,,talerz-placek,3c,,,,,,,,,,,,,,,,,,,,
ar VII,b,b,g,k,,,3a,,,,,,,,,,,,,,,,,,,,
ar VII,b,b,g,k,,,3a,,,,,,,,,,,,,,,,,,,,
ar VII,,,,,,talerz-placek,3c,,,,,,,,,,,,,,,,,,,,
ar VII,b,b,g,k,otwór pod wylewem,wylew,3a,,,,,,,,,1,,,,,,,,,,,
ar VII,b,b,g,k,otwór pod wylewem,wylew,3a,,,,,,,,,1,,,,,,,,,,,
ar VII,,,,,,talerz-placek,3c,,,,,,,,,,,,,,,,,,,,
ar VII,c,c,g,k,,,4,,,,,,,,,,,,,,,,,,,,
ar VII,b,b,g,0/k,,,3a,,,,,,,,,,,,,,,,,,,,
ar VII,b,b,ch,k,,,3b,,,,,,,,,,,,,,,,,,,,
ar VII,c,c,g,k,,,4,,,,,,,,,,,,,,,,,,,,
ar VII,b,b,g,0/k,,,3a,,,,,,,,,,,,,,,,,,,,
ar VII,b,b,ch,k,,,3b,,,,,,,,,,,,,,,,,,,,
ar VII,,,,,,talerz-placek,3c,,,,,,,,,,,,,,,,,,,,
ar VII,,,,,otwór na powierzchni,talerz-placek,3c,,,,,,1,,,,,,,,,,,,,,
ar VII,b,b,ch,k,,,3b,,,,,,,,,,,,,,,,,,,,
ar VII,b,c,ch,k,,,2b,,,,,,,,,,,,,,,,,,,,
ar VII,b,b,ch,k,,,3b,,,,,,,,,,,,,,,,,,,,
ar VII,,,,,otwór na powierzchni,talerz-placek,3c,,,,,,1,,,,,,,,,,,,,,
ar VII,b,b,ch,k,,,3b,,,,,,,,,,,,,,,,,,,,
ar VII,b,b,g,k,,,3a,,,,,,,,,,,,,,,,,,,,
ar VII,b,b,ch,k,,,3b,,,,,,,,,,,,,,,,,,,,
ar VII,b,b,ch,k,,,3b,,,,,,,,,,,,,,,,,,,,
ar VII,,,,,do³ek paznokciowy,talerz-placek,3c,,,,,,,1,,,,,,,,,,,,,
ar VII,b,b,ch,k,,,3b,,,,,,,,,,,,,,,,,,,,
ar VII,,,,,do³ki paznokciowe,talerz-placek,3c,,,,,,,1,,,,,,,,,,,,,
ar VII,,,,,odcisk plecionki,talerz-placek,3c,,,,,1,,,,,,,,,,,,,,,
ar VII,,,,,,talerz-placek,3c,,,,,,,,,,,,,,,,,,,,
ar VII,b,b,ch,k,,,3b,,,,,,,,,,,,,,,,,,,,
ar VII,,,,,,talerz-placek,3c,,,,,,,,,,,,,,,,,,,,
ar VII,b,b,ch,k,,,3b,,,,,,,,,,,,,,,,,,,,
ar VII,b,b,ch,k,,,3b,,,,,,,,,,,,,,,,,,,,
ar VII,,,,,,talerz-placek,3c,,,,,,,,,,,,,,,,,,,,
ar VII,b,b,ch,k,,,3b,,,,,,,,,,,,,,,,,,,,
ar VII,b,b,ch,k,,,3b,,,,,,,,,,,,,,,,,,,,
ar VII,,,,,,talerz-placek,3c,,,,,,,,,,,,,,,,,,,,
ar VII,b,b,ch,k,,,3b,,,,,,,,,,,,,,,,,,,,
ar VII,b,b,g,0/k,,,3a,,,,,,,,,,,,,,,,,,,,
,,,,,,,nan,,,,,,,,,,,,,,,,,,,,
ar VIII,,,,,otwór na powierzchni,talerz-placek,3c,,,,,,1,,,,,,,,,,,,,,
ar VIII,,,,,,talerz-placek,3c,,,,,,,,,,,,,,,,,,,,
ar VIII,,,,,,talerz-placek,3c,,,,,,,,,,,,,,,,,,,,
ar VIII,b,b,ch,k,listwa karbowana ?,,3b,,,,,,,,,,,,1,,,,,,,,
ar VIII,b,b,ch,k,listwa plastyczna z do³kami paznokciowymi,,3b,,,,,,,,,,,,1,,,,,,,,
ar VIII,b,b,ch,k,,,3b,,,,,,,,,,,,,,,,,,,,
ar VIII,,,,,listewka plastyczna z do³kami,talerz-placek,3c,,,,,,,,,,,,,1,,1,,,,,
ar VIII,,,,,,talerz-placek,3c,,,,,,,,,,,,,,,,,,,,
ar VIII,b,b,ch,k,,,3b,,,,,,,,,,,,,,,,,,,,
ar VIII,b,b,ch,k,,,3b,,,,,,,,,,,,,,,,,,,,
ar VIII,,,,,otwór na powierzchni,talerz-placek,3c,,,,,,1,,,,,,,,,,,,,,
ar VIII,,,,,,talerz-placek,3c,,,,,,,,,,,,,,,,,,,,
ar VIII,,,,,otwór na powierzchni,talerz-placek,3c,,,,,,1,,,,,,,,,,,,,,
ar VIII,,,,,,talerz-placek,3c,,,,,,,,,,,,,,,,,,,,
ar VIII,,,,,,talerz-placek,3c,,,,,,,,,,,,,,,,,,,,
ar VIII,,,,,,talerz-placek,3c,,,,,,,,,,,,,,,,,,,,
ar VIII,,,,,,talerz-placek,3c,,,,,,,,,,,,,,,,,,,,
ar VIII,b,b,g,k,,czerpak,3a,,,,,,,,,,,,,,,,,,,,
,,,,,,,nan,,,,,,,,,,,,,,,,,,,,
ar IX,,,,,,,nan,,,,,,,,,,,,,,,,,,,,
ar IX,b,b,ch,k,rz¹d do³ków paznokciowych,,3b,,,,,,,1,,,,,,,,,,,,,
ar IX,,,,,,talerz-placek,3c,,,,,,,,,,,,,,,,,,,,
ar IX,b,b,g,0,,,3a,,,,,,,,,,,,,,,,,,,,
ar IX,,,,,,talerz-placek,3c,,,,,,,,,,,,,,,,,,,,
ar IX,b,b,ch,k,,,3b,,,,,,,,,,,,,,,,,,,,
ar IX,,,,,,talerz-placek,3c,,,,,,,,,,,,,,,,,,,,
ar IX,b,b,ch,k,,,3b,,,,,,,,,,,,,,,,,,,,
ar IX,,,,,odcisk plecionki,talerz-placek,3c,,,,,1,,,,,,,,,,,,,,,
ar IX,b,b,ch,k,,,3b,,,,,,,,,,,,,,,,,,,,
ar IX,,,,,,talerz-placek,3c,,,,,,,,,,,,,,,,,,,,
ar IX,b,b,ch,k,,,3b,,,,,,,,,,,,,,,,,,,,
ar IX,b,b,ch,k,,,3b,,,,,,,,,,,,,,,,,,,,
ar IX,b,b,g,k,,wylew,3a,,,,,,,,,,,,,,,,,,,,
ar IX,,,,,,talerz-placek,3c,,,,,,,,,,,,,,,,,,,,
ar IX,b,b,ch,k,,,3b,,,,,,,,,,,,,,,,,,,,
ar IX,,,,,otwór na powierzchni,talerz-placek,3c,,,,,,1,,,,,,,,,,,,,,
ar IX,b,b,g,k,,,3a,,,,,,,,,,,,,,,,,,,,
ar IX,b,b,g,0/k,,,3a,,,,,,,,,,,,,,,,,,,,
ar IX,b,b,g,k,,,3a,,,,,,,,,,,,,,,,,,,,
ar IX,b,b,g,0,,,3a,,,,,,,,,,,,,,,,,,,,
ar IX,,,,,,talerz-placek,3c,,,,,,,,,,,,,,,,,,,,
ar IX,,,,,,talerz-placek,3c,,,,,,,,,,,,,,,,,,,,
ar IX,b,b,ch,k,,,3b,,,,,,,,,,,,,,,,,,,,
ar IX,,,,,,talerz-placek,3c,,,,,,,,,,,,,,,,,,,,
ar IX,b,b,ch,k,,,3b,,,,,,,,,,,,,,,,,,,,
ar IX,b,b,g,0,,,3a,,,,,,,,,,,,,,,,,,,,
ar IX,b,b,g,0/k,,dno,3a,,,,,,,,,,,,,,,,,,,,
ar IX,b,b,g,k,ucho (wa³kowate),wylew,3a,,,,,,,,,,,,,,1,,,,,,
ar IX,,,,,,talerz-placek,3c,,,,,,,,,,,,,,,,,,,,
ar IX,b,b,g,0,,,3a,,,,,,,,,,,,,,,,,,,,
,,,,,,,nan,,,,,,,,,,,,,,,,,,,,
ar XII,b,b,ch,k,,,3b,,,,,,,,,,,,,,,,,,,,
ar XII,b,b,ch,k,,,3b,,,,,,,,,,,,,,,,,,,,
ar XII,b,b,ch,k,,,3b,,,,,,,,,,,,,,,,,,,,
ar XII,b,b,ch,k,,,3b,,,,,,,,,,,,,,,,,,,,
ar XII,,,,,,talerz-placek,3c,,,,,,,,,,,,,,,,,,,,
ar XII,b,b,ch,k,,,3b,,,,,,,,,,,,,,,,,,,,
ar XII,b,b,ch,k,,,3b,,,,,,,,,,,,,,,,,,,,
ar XII,b,b,g,k,,,3a,,,,,,,,,,,,,,,,,,,,
ar XII,b,b,g,k,,,3a,,,,,,,,,,,,,,,,,,,,
ar XII,b,b,g,0/k,,,3a,,,,,,,,,,,,,,,,,,,,
,,,,,,,nan,,,,,,,,,,,,,,,,,,,,
ar XIV,b,b,ch,k,,,3b,,,,,,,,,,,,,,,,,,,,
ar XIV,,,,,,talerz-placek,3c,,,,,,,,,,,,,,,,,,,,
ar XIV,b,b,ch,k,"rz¹d do³ków paznokciowych, guz plastyczny",,3b,,,1,,,,1,,,,,,,,,,,,,
ar XIV,b,b,ch,k,,,3b,,,,,,,,,,,,,,,,,,,,
ar XIV,,,,,,talerz-placek,3c,,,,,,,,,,,,,,,,,,,,
ar XIV,b,b,ch,k,,,3b,,,,,,,,,,,,,,,,,,,,
ar XIV,b,b,ch,k,,,3b,,,,,,,,,,,,,,,,,,,,
ar XIV,b,b,ch,k,,,3b,,,,,,,,,,,,,,,,,,,,
ar XIV,b,b,ch,k,otwory pod wylewem,,3b,,,,,,,,,1,,,,,,,,,,,
ar XIV,b,b,ch,k,rz¹d do³ków palcowych,,3b,,,,,,,,,,1,,,,,,,,,,
ar XIV,b,b,ch,k,,,3b,,,,,,,,,,,,,,,,,,,,
ar XIV,b,b,ch,k,guz plastyczny z wg³êbieniem,,3b,1,,,,,,,,,,,,,,,,,,,
ar XIV,b,b,ch,k,"rz¹d do³ków paznokciowych, otwory pod wylewem",,3b,,,,,,,1,,1,,,,,,,,,,,
ar XIV,b,b,ch,k,,,3b,,,,,,,,,,,,,,,,,,,,
ar XIV,,,,,odcisk plecionki,talerz-placek,3c,,,,,1,,,,,,,,,,,,,,,
ar XIV,b,b,ch,k,,,3b,,,,,,,,,,,,,,,,,,,,
ar XIV,,,,,,talerz-placek,3c,,,,,,,,,,,,,,,,,,,,
,,,,,,,nan,,,,,,,,,,,,,,,,,,,,
ar XV,b,b,ch,k,,,3b,,,,,,,,,,,,,,,,,,,,
ar XV,,,,,odcisk plecionki,talerz-placek,3c,,,,,1,,,,,,,,,,,,,,,
,,,,,,,nan,,,,,,,,,,,,,,,,,,,,
,,,,,,,nan,,,,,,,,,,,,,,,,,,,,
ar XVI,b,b,ch,k,,,3b,,,,,,,,,,,,,,,,,,,,
ar XVI,b,b,g,k,,,3a,,,,,,,,,,,,,,,,,,,,
ar XVI,b,b,g,k,rz¹d do³ków paznokciowych ?,,3a,,,,,,,1,,,,,,,,,,,,,
ar XVI,b,b,ch,k,,,3b,,,,,,,,,,,,,,,,,,,,
ar XVI,,,,,,talerz-placek,3c,,,,,,,,,,,,,,,,,,,,
ar XVI,,,,,,talerz-placek,3c,,,,,,,,,,,,,,,,,,,,
ar XVI,b,b,ch,k,,,3b,,,,,,,,,,,,,,,,,,,,
,,,,,,,nan,,,,,,,,,,,,,,,,,,,,
ar XVII,b,b,g,0/k,,,3a,,,,,,,,,,,,,,,,,,,,
ar XVII,b,b,g,0/k,,,3a,,,,,,,,,,,,,,,,,,,,
ar XVII,,,,,,talerz-placek,3c,,,,,,,,,,,,,,,,,,,,
ar XVII,b,b,g,0/k,,,3a,,,,,,,,,,,,,,,,,,,,
,,,,,,,nan,,,,,,,,,,,,,,,,,,,,
ar XIX,b,b,g,0,,,3a,,,,,,,,,,,,,,,,,,,,
ar XIX,b,b,g,0,,,3a,,,,,,,,,,,,,,,,,,,,
ar XIX,,,,,odcisk plecionki,talerz-placek,3c,,,,,1,,,,,,,,,,,,,,,
ar XIX,b,b,ch,k,otwory pod wylewem,,3b,,,,,,,,,1,,,,,,,,,,,
ar XIX,,,,,odcisk plecionki,talerz-placek,3c,,,,,1,,,,,,,,,,,,,,,
ar XIX,b,b,g,0/k,,fragment pokrywki ?,3a,,,,,,,,,,,,,,,,,,,,
ar XIX,b,b,g,k,,,3a,,,,,,,,,,,,,,,,,,,,
ar XIX,b,b,ch,k,,,3b,,,,,,,,,,,,,,,,,,,,